aeroporto_partenza,compagnia,numero_voli,ritardo_medio_partenza,ritardo_medio_arrivo,tasso_cancellazione,differenza,classifica
ABE,9E,935,10.88,3.93,1.5,-3.45,1
ABE,G4,1631,11.05,5.62,1.8,-3.27,2
ABE,OH,999,17.10,8.23,1.5,2.78,3
ABE,OO,283,35.30,29.38,4.2,20.97,4
ABI,MQ,1756,7.27,4.43,0.9,0.00,1
ABQ,DL,1500,2.15,-4.69,0.9,-7.15,1
ABQ,OO,3912,2.31,-1.41,0.5,-6.99,2
ABQ,MQ,901,5.36,3.51,0.7,-3.94,3
ABQ,UA,1806,5.63,-0.03,1.1,-3.67,4
ABQ,AS,409,9.11,5.93,1.0,-0.19,5
ABQ,NK,518,9.43,5.78,1.2,0.13,6
ABQ,WN,11576,10.52,4.46,0.5,1.22,7
ABQ,AA,2994,17.44,14.93,2.1,8.14,8
ABQ,B6,249,50.43,47.05,2.0,41.13,9
ABR,OO,683,21.03,13.69,0.9,0.00,1
ABY,9E,36,10.86,6.36,0.0,-6.57,1
ABY,OO,724,17.76,16.73,1.0,0.33,2
ACK,B6,976,12.61,9.84,4.0,-1.64,1
ACK,YX,602,15.91,16.75,8.6,1.66,2
ACK,MQ,22,21.82,22.68,0.0,7.57,3
ACK,OO,25,33.46,22.62,4.0,19.21,4
ACT,OO,750,14.17,14.08,2.7,-1.36,1
ACT,MQ,336,18.56,18.17,2.1,3.02,2
ACV,OO,1720,19.25,17.63,1.9,0.00,1
ACY,NK,2891,10.04,3.89,1.9,0.00,1
ADK,AS,75,9.27,8.60,10.7,0.00,1
ADQ,AS,804,3.05,1.86,2.1,0.00,1
AEX,9E,871,14.78,9.95,1.0,-2.61,1
AEX,OO,1023,18.91,15.08,2.3,1.52,2
AEX,MQ,33,39.67,39.12,0.0,22.28,3
AGS,MQ,189,8.36,0.96,2.6,-8.65,1
AGS,YX,29,11.21,1.61,0.0,-5.80,2
AGS,9E,1595,12.57,7.17,2.1,-4.44,3
AGS,DL,168,17.85,12.74,0.0,0.84,4
AGS,OH,1543,19.44,18.40,2.8,2.44,5
AGS,OO,428,27.53,21.13,1.2,10.52,6
AGS,AA,23,36.48,34.35,0.0,19.47,7
AKN,AS,169,-5.17,-1.71,0.6,0.00,1
ALB,MQ,175,3.40,3.30,0.0,-10.39,1
ALB,YX,307,4.07,0.50,1.6,-9.72,2
ALB,9E,1047,5.41,-3.14,2.0,-8.38,3
ALB,UA,698,6.81,4.92,1.3,-6.98,4
ALB,OO,776,10.89,7.20,0.3,-2.90,5
ALB,WN,3484,11.62,4.36,0.9,-2.18,6
ALB,DL,1270,14.65,6.35,1.5,0.86,7
ALB,AA,1381,19.69,14.40,0.9,5.90,8
ALB,OH,1069,19.88,18.33,3.4,6.08,9
ALB,B6,725,20.66,16.80,1.4,6.87,10
ALB,G4,519,28.61,21.24,1.5,14.82,11
ALW,OO,544,0.20,2.82,3.3,0.00,1
AMA,WN,1922,7.28,1.30,0.5,-2.19,1
AMA,MQ,2068,7.82,5.58,1.7,-1.66,2
AMA,OO,840,15.42,13.59,1.8,5.95,3
AMA,AA,204,22.81,22.09,2.5,13.34,4
ANC,AS,13950,4.03,1.89,1.7,-2.75,1
ANC,UA,1181,13.45,4.52,2.0,6.67,2
ANC,DL,2148,14.93,7.56,0.8,8.15,3
ANC,AA,452,34.74,24.85,0.4,27.96,4
APN,OO,601,17.57,11.93,3.3,0.00,1
ASE,OO,7424,28.49,24.29,7.0,0.00,1
ATL,9E,26818,6.63,2.54,1.1,-4.50,1
ATL,YX,1208,9.23,6.95,1.8,-1.90,2
ATL,DL,226308,9.31,5.59,0.9,-1.82,3
ATL,AS,1351,10.29,6.86,2.1,-0.83,4
ATL,WN,33311,12.67,6.67,0.7,1.54,5
ATL,UA,7168,13.46,8.55,1.7,2.34,6
ATL,MQ,656,15.85,13.48,2.0,4.73,7
ATL,OH,2393,18.19,15.53,1.7,7.06,8
ATL,AA,7552,20.60,16.93,1.8,9.47,9
ATL,NK,10069,20.66,13.97,1.7,9.53,10
ATL,OO,8216,20.94,17.68,0.8,9.81,11
ATL,B6,2969,22.95,18.36,1.6,11.82,12
ATL,F9,11445,25.88,21.93,2.5,14.76,13
ATW,9E,173,11.07,10.13,0.0,-6.31,1
ATW,G4,1114,11.53,7.36,2.3,-5.85,2
ATW,DL,308,11.92,4.83,1.0,-5.45,3
ATW,MQ,717,14.72,8.92,1.4,-2.66,4
ATW,OO,3581,20.52,17.58,2.1,3.14,5
AUS,YX,114,2.78,-1.38,0.0,-11.78,1
AUS,OH,23,10.65,2.78,0.0,-3.91,2
AUS,UA,9343,10.75,5.42,1.4,-3.81,3
AUS,AS,2765,11.69,9.48,2.6,-2.87,4
AUS,WN,37389,11.83,5.76,0.6,-2.73,5
AUS,MQ,2272,13.15,11.13,1.5,-1.41,6
AUS,DL,10857,14.86,8.17,0.9,0.30,7
AUS,9E,377,15.44,14.40,0.5,0.88,8
AUS,NK,1058,19.23,12.72,2.6,4.67,9
AUS,AA,13648,20.73,17.68,1.5,6.17,10
AUS,G4,1082,21.01,17.85,1.9,6.45,11
AUS,HA,163,22.07,27.23,0.6,7.52,12
AUS,OO,3609,22.31,18.33,0.3,7.75,13
AUS,F9,685,26.14,22.52,1.8,11.58,14
AUS,B6,760,32.94,24.90,1.1,18.38,15
AVL,YX,1075,8.88,4.44,4.7,-7.76,1
AVL,OH,2018,11.73,11.73,2.9,-4.91,2
AVL,9E,637,11.73,4.14,2.2,-4.90,3
AVL,UA,184,11.82,7.02,3.3,-4.82,4
AVL,DL,2180,13.35,5.07,2.6,-3.29,5
AVL,OO,699,17.24,15.40,4.1,0.61,6
AVL,G4,3210,18.49,15.39,3.2,1.85,7
AVL,MQ,1150,23.37,21.51,2.8,6.74,8
AVL,B6,81,26.38,25.41,1.2,9.74,9
AVL,AA,480,47.47,42.29,5.4,30.83,10
AVP,MQ,455,16.69,13.70,1.3,-3.36,1
AVP,AA,805,19.30,14.67,1.1,-0.75,2
AVP,OH,203,20.50,8.70,1.5,0.46,3
AVP,OO,38,76.00,66.83,5.3,55.95,4
AZA,G4,5610,5.25,0.72,0.7,0.00,1
AZO,9E,14,2.64,-2.93,0.0,-8.82,1
AZO,OO,976,11.59,6.29,1.6,0.13,2
BDL,YX,483,-0.58,-6.23,0.4,-13.85,1
BDL,MQ,531,6.11,3.75,1.5,-7.16,2
BDL,UA,2084,6.97,3.65,1.4,-6.30,3
BDL,9E,365,7.25,1.64,3.0,-6.02,4
BDL,DL,3875,8.09,1.04,0.8,-5.18,5
BDL,NK,579,9.85,7.11,1.9,-3.42,6
BDL,WN,4030,10.97,3.50,0.7,-2.30,7
BDL,AA,3846,16.10,11.62,1.7,2.83,8
BDL,B6,3060,17.77,12.64,1.5,4.50,9
BDL,OH,1417,18.18,13.86,2.7,4.91,10
BDL,OO,67,19.38,20.24,1.5,6.11,11
BDL,F9,940,40.90,38.31,3.2,27.63,12
BET,AS,725,8.47,12.10,1.1,0.00,1
BFF,OO,610,10.55,10.38,2.8,0.00,1
BFL,MQ,338,1.46,-4.22,0.3,-5.95,1
BFL,OO,1352,5.58,0.20,0.4,-1.83,2
BFL,AA,915,12.35,7.92,1.1,4.94,3
BGM,9E,341,14.00,10.74,3.5,0.00,1
BGR,9E,1154,3.74,-3.37,4.4,-10.27,1
BGR,YX,933,11.83,6.89,5.0,-2.18,2
BGR,MQ,240,12.31,14.29,1.7,-1.70,3
BGR,OH,680,13.18,7.34,3.7,-0.83,4
BGR,OO,145,17.40,18.37,0.7,3.38,5
BGR,AA,603,26.25,25.43,2.0,12.24,6
BGR,G4,380,31.79,24.48,3.9,17.78,7
BHM,UA,4,-4.25,-11.50,0.0,-15.77,1
BHM,YX,374,-0.96,-2.98,1.1,-12.48,2
BHM,DL,2914,6.12,1.28,0.9,-5.40,3
BHM,9E,1067,7.53,0.91,3.7,-3.98,4
BHM,MQ,2434,9.75,6.67,1.0,-1.77,5
BHM,NK,73,10.16,11.70,0.0,-1.35,6
BHM,WN,4293,12.47,7.51,0.8,0.96,7
BHM,OO,1554,15.00,11.35,0.9,3.48,8
BHM,OH,3862,15.08,11.94,1.5,3.57,9
BHM,AA,389,26.46,24.81,1.5,14.95,10
BIH,OO,245,23.35,15.22,7.8,0.00,1
BIL,UA,727,1.99,-0.87,0.7,-4.40,1
BIL,OO,1332,2.22,-0.51,0.6,-4.17,2
BIL,DL,778,5.52,2.73,1.3,-0.87,3
BIL,MQ,880,12.14,11.22,0.5,5.75,4
BIL,G4,356,18.72,17.32,1.4,12.33,5
BIS,9E,10,1.60,16.00,0.0,-11.37,1
BIS,DL,605,7.41,1.01,0.7,-5.56,2
BIS,MQ,573,10.19,7.94,0.3,-2.78,3
BIS,G4,432,12.47,6.96,1.9,-0.50,4
BIS,OO,2068,15.54,10.98,1.1,2.57,5
BJI,OO,704,16.80,11.54,1.0,0.00,1
BLI,G4,935,1.34,-2.96,0.6,-5.55,1
BLI,WN,618,8.90,2.28,0.6,2.00,2
BLI,OO,965,11.00,12.40,0.7,4.10,3
BLV,G4,979,26.31,21.78,2.9,0.00,1
BMI,9E,716,7.86,1.08,1.3,-3.47,1
BMI,MQ,677,9.84,5.74,1.8,-1.50,2
BMI,F9,59,9.95,13.77,3.4,-1.39,3
BMI,G4,228,27.09,23.97,1.8,15.76,4
BNA,YX,5572,3.60,1.64,1.2,-8.23,1
BNA,DL,8083,4.97,-0.34,0.9,-6.85,2
BNA,AS,1102,8.81,1.74,1.2,-3.01,3
BNA,WN,50566,11.11,4.12,0.8,-0.71,4
BNA,UA,6048,11.48,7.31,1.6,-0.35,5
BNA,MQ,2523,11.74,9.96,2.3,-0.09,6
BNA,G4,2882,12.13,7.35,1.5,0.30,7
BNA,OH,2338,13.31,11.58,2.1,1.48,8
BNA,OO,4020,14.18,10.81,1.7,2.36,9
BNA,B6,1252,17.61,12.82,1.9,5.79,10
BNA,F9,714,18.28,19.35,2.0,6.46,11
BNA,NK,3664,20.14,11.99,2.9,8.32,12
BNA,AA,8322,21.16,19.42,2.2,9.34,13
BNA,9E,1173,21.33,18.16,3.8,9.51,14
BOI,AS,621,4.47,4.06,0.6,-2.44,1
BOI,OO,11063,5.03,3.70,0.4,-1.88,2
BOI,MQ,266,6.68,2.95,0.4,-0.23,3
BOI,WN,4721,6.90,0.53,0.3,-0.01,4
BOI,UA,1345,7.47,2.89,2.1,0.56,5
BOI,NK,530,9.01,5.26,2.1,2.10,6
BOI,DL,2695,9.22,3.72,0.9,2.31,7
BOI,AA,872,12.72,8.44,1.5,5.81,8
BOI,G4,346,34.15,33.08,0.9,27.25,9
BOS,9E,7,-3.50,-14.50,14.3,-16.87,1
BOS,YX,25249,4.42,0.32,1.7,-8.94,2
BOS,G4,460,5.11,0.32,2.8,-8.26,3
BOS,OO,2,9.50,23.50,0.0,-3.87,4
BOS,UA,11584,11.45,5.50,1.9,-1.92,5
BOS,HA,215,13.25,11.54,0.9,-0.12,6
BOS,AS,2324,13.32,9.47,1.8,-0.04,7
BOS,WN,6411,13.81,4.91,0.9,0.44,8
BOS,DL,23303,14.12,6.73,1.0,0.75,9
BOS,MQ,1787,14.58,9.05,1.6,1.21,10
BOS,B6,38494,15.99,10.57,1.4,2.62,11
BOS,AA,15177,17.19,9.82,1.5,3.82,12
BOS,F9,1438,18.55,16.09,2.4,5.18,13
BOS,NK,6570,23.09,15.70,3.5,9.73,14
BPT,OO,503,8.05,3.91,2.2,-2.40,1
BPT,MQ,188,16.86,12.91,2.1,6.41,2
BQK,9E,140,7.76,8.65,0.0,-7.98,1
BQK,OO,652,17.46,19.56,0.3,1.72,2
BQN,B6,1513,16.80,13.68,1.3,-2.44,1
BQN,F9,432,22.58,12.80,1.4,3.34,2
BQN,UA,334,26.11,17.68,3.3,6.87,3
BRD,OO,595,9.15,5.74,0.7,0.00,1
BRO,MQ,1242,5.69,3.63,1.4,-3.44,1
BRO,OO,707,15.25,11.89,2.8,6.12,2
BRW,AS,364,9.59,11.36,5.2,0.00,1
BTM,OO,523,-0.50,-6.61,0.0,0.00,1
BTR,DL,890,7.97,1.51,1.2,-4.84,1
BTR,9E,498,9.73,5.87,1.8,-3.08,2
BTR,MQ,974,14.45,12.39,2.2,1.64,3
BTR,OO,576,14.47,10.48,3.0,1.66,4
BTR,OH,1888,14.55,11.49,1.7,1.74,5
BTR,UA,4,24.00,24.00,0.0,11.19,6
BTV,B6,6,3.00,-0.67,0.0,-7.95,1
BTV,YX,1469,4.29,-1.22,2.5,-6.66,2
BTV,F9,10,5.80,4.80,0.0,-5.15,3
BTV,DL,448,8.42,2.98,1.8,-2.53,4
BTV,UA,1080,8.65,8.02,1.8,-2.30,5
BTV,MQ,325,9.48,12.08,2.2,-1.47,6
BTV,9E,1671,11.14,4.23,3.0,0.19,7
BTV,OO,237,13.12,8.08,0.0,2.17,8
BTV,OH,1609,16.45,13.61,2.0,5.50,9
BTV,AA,691,17.00,12.07,1.3,6.05,10
BTV,G4,2,38.00,15.00,50.0,27.05,11
BUF,YX,2712,6.38,2.28,3.7,-5.28,1
BUF,MQ,488,7.03,3.28,1.0,-4.64,2
BUF,9E,1845,9.45,2.12,3.1,-2.21,3
BUF,WN,5232,10.13,3.19,1.7,-1.54,4
BUF,DL,2055,11.05,3.80,1.2,-0.62,5
BUF,B6,3270,11.12,7.74,2.2,-0.55,6
BUF,UA,968,11.90,10.81,2.2,0.24,7
BUF,AA,2131,16.29,14.07,1.4,4.62,8
BUF,OO,783,16.85,11.18,3.1,5.18,9
BUF,OH,889,18.39,17.92,2.6,6.72,10
BUF,F9,1014,23.27,19.72,4.4,11.60,11
BUR,AS,2221,4.13,3.11,2.2,-5.28,1
BUR,MQ,46,5.04,-3.87,0.0,-4.36,2
BUR,WN,18582,7.52,0.42,1.0,-1.89,3
BUR,F9,72,9.56,14.54,0.0,0.15,4
BUR,OO,4064,11.72,9.95,1.0,2.32,5
BUR,UA,1572,12.89,10.11,1.6,3.48,6
BUR,AA,1196,14.33,10.08,1.0,4.92,7
BUR,NK,1911,14.33,11.55,1.8,4.92,8
BUR,DL,432,22.43,16.49,0.7,13.03,9
BUR,B6,291,48.00,43.81,2.1,38.59,10
BWI,OO,9,-5.78,-11.11,0.0,-21.47,1
BWI,MQ,504,4.26,-1.40,1.4,-11.43,2
BWI,OH,27,6.63,4.37,0.0,-9.07,3
BWI,UA,3408,7.05,2.33,1.9,-8.65,4
BWI,B6,220,7.40,3.96,2.3,-8.29,5
BWI,YX,890,8.08,3.90,1.6,-7.62,6
BWI,DL,5114,9.76,2.87,0.7,-5.93,7
BWI,WN,72293,16.02,9.02,0.9,0.32,8
BWI,AA,3590,16.56,10.93,1.8,0.86,9
BWI,AS,560,16.88,13.11,2.1,1.18,10
BWI,NK,6424,17.10,10.52,1.9,1.40,11
BWI,9E,467,20.28,13.80,6.0,4.58,12
BWI,F9,2772,28.19,26.32,3.8,12.50,13
BWI,G4,142,33.69,28.78,1.4,17.99,14
BZN,AS,634,5.59,7.59,1.3,-5.58,1
BZN,MQ,66,6.39,0.94,0.0,-4.77,2
BZN,OO,1906,7.25,4.89,0.6,-3.92,3
BZN,DL,1755,7.49,2.92,0.5,-3.68,4
BZN,WN,1972,8.26,2.55,0.5,-2.91,5
BZN,UA,2135,12.97,8.84,1.4,1.80,6
BZN,G4,347,15.45,11.07,2.6,4.28,7
BZN,AA,892,27.18,24.94,0.3,16.01,8
BZN,B6,139,39.84,37.39,2.2,28.67,9
CAE,DL,1494,4.46,-3.49,0.7,-5.08,1
CAE,OO,714,4.92,3.68,0.7,-4.62,2
CAE,9E,1242,6.72,1.47,1.9,-2.82,3
CAE,MQ,55,6.91,5.52,0.0,-2.63,4
CAE,OH,2151,10.18,10.12,1.3,0.64,5
CAE,YX,340,13.63,10.69,4.7,4.08,6
CAE,AA,689,27.09,23.81,3.0,17.55,7
CAK,OH,1579,10.61,8.33,0.8,-4.98,1
CAK,G4,693,19.89,14.86,2.2,4.29,2
CAK,OO,1035,20.40,19.44,1.6,4.81,3
CDC,OO,612,4.28,-0.90,0.8,0.00,1
CDV,AS,696,1.64,0.66,2.0,0.00,1
CHA,YX,140,5.19,3.86,0.0,-7.61,1
CHA,DL,1216,8.80,0.47,0.8,-4.00,2
CHA,9E,1517,9.09,3.33,0.7,-3.71,3
CHA,OH,1418,13.06,9.82,1.1,0.26,4
CHA,OO,911,15.71,15.39,1.9,2.91,5
CHA,MQ,1234,17.12,13.47,1.9,4.33,6
CHA,G4,257,26.00,23.50,3.5,13.20,7
CHO,OH,63,-3.56,-1.38,0.0,-14.40,1
CHO,YX,454,8.49,9.82,2.6,-2.36,2
CHO,9E,1714,10.11,3.79,2.8,-0.74,3
CHO,DL,244,10.78,0.44,0.0,-0.07,4
CHO,OO,632,16.01,16.90,1.9,5.16,5
CHS,YX,2192,4.52,0.21,1.4,-6.90,1
CHS,AS,318,5.45,2.30,2.8,-5.97,2
CHS,WN,3513,8.06,3.06,0.6,-3.36,3
CHS,OH,1690,8.12,6.28,1.9,-3.31,4
CHS,MQ,902,8.90,5.34,1.6,-2.53,5
CHS,UA,2173,9.89,5.73,1.3,-1.53,6
CHS,DL,3837,9.91,4.77,0.9,-1.52,7
CHS,9E,1949,10.63,4.59,4.4,-0.80,8
CHS,G4,203,13.70,12.87,3.0,2.27,9
CHS,OO,367,15.12,13.19,1.4,3.69,10
CHS,B6,1800,16.52,12.29,1.7,5.10,11
CHS,AA,4820,16.65,13.82,1.9,5.22,12
CHS,F9,173,19.09,14.78,2.3,7.67,13
CHS,NK,1255,19.64,14.35,3.2,8.21,14
CID,9E,159,1.02,-2.42,0.0,-14.83,1
CID,YX,149,4.51,-3.87,5.4,-11.33,2
CID,MQ,1134,8.44,6.59,2.0,-7.40,3
CID,UA,1136,9.56,7.10,1.8,-6.29,4
CID,F9,255,11.34,10.24,2.4,-4.51,5
CID,OH,638,11.84,8.25,3.6,-4.01,6
CID,G4,854,15.52,11.37,2.6,-0.33,7
CID,OO,1891,16.63,14.85,2.4,0.78,8
CID,DL,355,18.90,14.88,1.4,3.06,9
CID,AA,1217,33.30,28.48,3.3,17.45,10
CIU,OO,708,24.86,19.97,1.4,0.00,1
CKB,G4,206,37.29,35.76,2.4,0.00,1
CLE,YX,4310,4.63,-0.30,2.2,-6.20,1
CLE,UA,8161,4.96,-0.51,1.4,-5.87,2
CLE,AS,453,5.17,3.51,1.8,-5.66,3
CLE,WN,4936,7.78,0.85,0.7,-3.05,4
CLE,MQ,590,9.48,3.45,1.0,-1.35,5
CLE,DL,3083,10.41,0.89,0.9,-0.42,6
CLE,B6,800,10.48,7.37,1.6,-0.35,7
CLE,OH,1477,10.60,8.93,1.4,-0.22,8
CLE,OO,1662,12.48,6.15,0.8,1.65,9
CLE,AA,4525,13.96,10.78,2.0,3.13,10
CLE,NK,956,14.21,7.11,2.5,3.38,11
CLE,9E,2392,14.38,7.28,2.9,3.55,12
CLE,F9,6312,21.51,16.69,2.9,10.68,13
CLL,MQ,823,10.92,6.48,2.2,-2.85,1
CLL,OO,290,21.96,20.59,3.4,8.19,2
CLT,YX,2544,8.79,5.01,1.3,-9.88,1
CLT,DL,6055,11.34,3.21,0.7,-7.33,2
CLT,OH,56199,12.63,8.74,1.2,-6.03,3
CLT,UA,3928,12.99,10.28,1.5,-5.67,4
CLT,9E,3032,15.49,10.60,4.1,-3.18,5
CLT,MQ,6060,15.66,12.20,1.5,-3.00,6
CLT,WN,3286,17.58,11.24,0.3,-1.08,7
CLT,B6,501,19.35,12.00,2.0,0.69,8
CLT,OO,54,21.74,11.56,0.0,3.08,9
CLT,AA,125051,21.85,17.65,1.4,3.19,10
CLT,NK,4758,23.17,17.95,2.8,4.51,11
CLT,F9,3211,32.12,35.17,3.4,13.46,12
CMH,YX,11219,1.61,-3.47,1.2,-7.49,1
CMH,DL,3243,6.27,-0.78,0.9,-2.84,2
CMH,AS,426,8.80,2.30,2.1,-0.31,3
CMH,WN,11704,9.70,2.81,1.0,0.60,4
CMH,9E,236,10.92,3.98,0.4,1.81,5
CMH,MQ,3027,11.71,7.86,0.7,2.60,6
CMH,UA,2634,13.94,11.09,1.5,4.83,7
CMH,NK,2450,14.62,5.98,2.0,5.52,8
CMH,OH,1311,14.94,10.21,1.1,5.83,9
CMH,OO,1308,15.13,8.63,0.2,6.03,10
CMH,AA,3373,19.21,15.67,1.7,10.11,11
CMH,F9,231,19.69,17.96,3.0,10.58,12
CMI,MQ,1323,16.58,10.16,1.6,0.00,1
CMX,OO,706,20.33,19.61,4.2,0.00,1
CNY,OO,30,3.89,-0.71,6.7,0.00,1
COD,OO,596,18.67,12.15,0.8,0.00,1
COS,UA,741,8.73,5.37,2.6,-1.83,1
COS,WN,4870,9.48,3.94,0.6,-1.07,2
COS,OO,4794,9.67,3.81,1.2,-0.89,3
COS,DL,548,14.17,9.32,0.7,3.61,4
COS,MQ,352,15.86,13.52,0.3,5.30,5
COS,AA,1070,17.16,16.78,2.5,6.61,6
COU,MQ,1653,13.04,10.74,2.1,-1.46,1
COU,OO,96,39.64,33.29,2.1,25.14,2
CPR,OO,1625,7.84,0.76,0.8,0.00,1
CRP,OO,267,5.72,2.92,1.9,-2.98,1
CRP,MQ,2439,8.70,7.21,2.0,0.00,2
CRP,WN,1157,9.38,5.57,1.1,0.68,3
CRW,9E,169,2.56,-4.79,0.0,-18.16,1
CRW,OH,1316,16.80,15.47,1.3,-3.91,2
CRW,OO,1778,25.36,19.72,1.3,4.65,3
CSG,9E,588,9.56,4.14,3.1,-3.63,1
CSG,OO,404,18.35,13.46,1.0,5.17,2
CVG,YX,5248,4.13,0.40,1.8,-6.69,1
CVG,UA,1977,7.59,4.82,1.1,-3.23,2
CVG,OO,831,8.26,7.51,0.4,-2.56,3
CVG,9E,6477,8.43,2.89,1.8,-2.39,4
CVG,DL,6927,9.27,2.38,0.9,-1.55,5
CVG,WN,2158,9.32,3.18,0.6,-1.50,6
CVG,AS,325,11.27,7.30,3.7,0.46,7
CVG,MQ,2674,12.73,9.50,0.7,1.91,8
CVG,OH,2449,13.54,11.33,1.1,2.72,9
CVG,G4,3166,13.77,10.62,1.5,2.95,10
CVG,F9,4537,15.68,12.29,2.2,4.86,11
CVG,AA,3225,20.14,15.38,2.0,9.32,12
CWA,9E,686,4.48,-0.92,0.9,0.00,1
CYS,OO,623,9.66,1.71,2.2,0.00,1
DAB,DL,1442,7.12,2.29,1.3,-2.15,1
DAB,OH,1053,11.37,4.48,2.9,2.11,2
DAB,AA,315,11.96,6.98,1.0,2.70,3
DAB,MQ,9,15.00,10.56,0.0,5.74,4
DAL,AS,343,3.58,-0.40,2.6,-10.46,1
DAL,DL,2050,12.66,7.37,0.7,-1.38,2
DAL,WN,70041,14.13,8.35,1.1,0.09,3
DAY,YX,317,0.07,-2.30,0.6,-9.59,1
DAY,DL,1075,3.95,-6.21,1.1,-5.71,2
DAY,9E,460,9.01,-0.83,2.4,-0.65,3
DAY,OH,3444,10.30,7.33,1.1,0.64,4
DAY,OO,1478,11.97,8.72,1.0,2.31,5
DAY,MQ,179,13.58,7.52,1.7,3.92,6
DAY,G4,265,22.11,17.90,4.5,12.45,7
DCA,YX,25846,4.68,0.04,1.5,-8.36,1
DCA,AS,1615,7.12,1.89,0.9,-5.93,2
DCA,DL,8654,12.19,4.36,1.2,-0.85,3
DCA,UA,5730,12.56,8.48,1.7,-0.49,4
DCA,WN,15383,13.29,4.81,1.1,0.25,5
DCA,MQ,4086,13.49,8.96,1.3,0.44,6
DCA,OH,35249,15.01,11.11,2.2,1.97,7
DCA,9E,1953,15.36,9.94,2.0,2.32,8
DCA,F9,908,15.39,10.69,1.8,2.34,9
DCA,B6,7900,15.98,9.37,1.6,2.93,10
DCA,AA,25697,18.13,12.70,1.7,5.08,11
DCA,OO,153,19.54,11.68,0.7,6.50,12
DDC,OO,614,23.96,21.82,3.1,0.00,1
DEC,OO,735,28.99,25.72,2.4,0.00,1
DEN,AS,2185,7.83,5.62,1.4,-5.65,1
DEN,OO,59207,11.05,6.24,1.3,-2.43,2
DEN,DL,11957,11.23,3.80,0.9,-2.25,3
DEN,UA,100560,12.57,7.78,1.2,-0.91,4
DEN,MQ,181,14.00,9.05,0.0,0.52,5
DEN,WN,96198,14.94,9.14,0.8,1.46,6
DEN,F9,24561,16.01,11.34,1.6,2.53,7
DEN,G4,419,17.88,17.09,1.7,4.40,8
DEN,AA,8079,19.07,14.95,1.7,5.59,9
DEN,B6,1180,33.05,29.76,1.0,19.57,10
DEN,NK,35,45.89,39.97,0.0,32.41,11
DFW,MQ,69459,8.89,5.05,1.6,-10.33,1
DFW,OO,23854,10.24,6.71,2.1,-8.97,2
DFW,DL,11704,15.44,8.75,1.0,-3.78,3
DFW,UA,8102,15.44,11.77,1.6,-3.77,4
DFW,AS,2364,15.45,14.46,2.2,-3.77,5
DFW,NK,9943,18.11,12.60,1.3,-1.10,6
DFW,OH,9087,20.14,15.71,2.6,0.93,7
DFW,F9,9972,22.10,21.51,2.7,2.89,8
DFW,AA,164274,25.20,19.91,2.0,5.99,9
DFW,B6,351,39.56,37.08,1.1,20.34,10
DFW,YX,37,47.92,40.37,2.7,28.70,11
DFW,9E,2,99.50,130.00,0.0,80.29,12
DHN,9E,528,8.27,4.15,0.6,-2.05,1
DHN,OO,229,15.10,11.75,1.3,4.77,2
DIK,OO,553,17.10,12.16,3.1,0.00,1
DLG,AS,106,3.31,4.94,2.8,0.00,1
DLH,YX,484,2.61,-3.27,0.4,-9.26,1
DLH,9E,189,8.13,8.02,1.1,-3.73,2
DLH,DL,106,11.17,5.10,0.9,-0.69,3
DLH,OO,1385,15.69,9.67,1.2,3.82,4
DRO,MQ,20,-0.45,-13.40,0.0,-13.32,1
DRO,UA,665,10.28,-0.08,1.2,-2.60,2
DRO,OO,2939,13.45,11.09,1.0,0.58,3
DRO,AA,9,43.33,36.56,0.0,30.46,4
DSM,YX,915,3.78,2.31,1.6,-9.20,1
DSM,UA,1977,6.89,5.73,1.5,-6.08,2
DSM,9E,2518,7.86,1.95,1.8,-5.11,3
DSM,WN,1739,9.54,2.98,1.0,-3.43,4
DSM,MQ,860,9.64,6.20,2.0,-3.33,5
DSM,DL,1112,12.90,3.78,1.1,-0.08,6
DSM,OO,877,13.31,9.38,1.7,0.33,7
DSM,OH,440,16.20,14.86,2.0,3.23,8
DSM,F9,276,17.65,16.51,1.8,4.67,9
DSM,G4,1662,20.31,16.66,2.0,7.34,10
DSM,AA,2369,24.44,20.91,1.8,11.47,11
DTW,YX,4635,3.52,-0.09,1.7,-8.06,1
DTW,9E,12586,4.91,0.60,0.9,-6.68,2
DTW,MQ,845,7.36,5.18,2.8,-4.23,3
DTW,UA,2147,8.21,4.52,1.2,-3.38,4
DTW,WN,4003,9.36,2.64,0.7,-2.22,5
DTW,OH,1088,10.16,8.31,2.1,-1.42,6
DTW,NK,9959,10.76,3.16,1.5,-0.82,7
DTW,AS,483,10.84,7.09,2.1,-0.74,8
DTW,DL,57234,11.68,6.31,0.9,0.09,9
DTW,B6,1009,12.93,10.41,0.9,1.34,10
DTW,OO,25962,15.31,11.58,0.7,3.72,11
DTW,AA,5491,15.45,11.64,1.9,3.87,12
DTW,F9,2191,24.04,20.37,3.7,12.45,13
DVL,OO,635,20.17,16.43,4.6,0.00,1
EAR,OO,102,24.36,19.01,2.9,0.00,1
EAU,OO,29,28.30,24.00,6.9,0.00,1
ECP,DL,2323,8.16,2.91,0.8,-4.15,1
ECP,WN,3153,8.87,4.25,0.8,-3.44,2
ECP,OO,277,9.28,5.75,0.7,-3.02,3
ECP,MQ,758,14.92,10.53,1.8,2.61,4
ECP,OH,1048,14.95,13.57,0.8,2.64,5
ECP,YX,24,19.79,16.17,0.0,7.48,6
ECP,AA,706,34.99,33.41,2.0,22.68,7
ECP,9E,24,36.92,35.21,0.0,24.61,8
EGE,OO,1639,11.60,5.89,1.2,-10.95,1
EGE,DL,169,15.68,7.78,0.6,-6.87,2
EGE,UA,499,19.27,15.10,1.6,-3.28,3
EGE,F9,12,26.25,33.83,0.0,3.70,4
EGE,AA,1313,38.33,36.51,1.4,15.78,5
EKO,OO,346,0.61,-5.44,0.6,0.00,1
ELM,G4,251,18.82,13.64,2.0,-4.51,1
ELM,OO,700,24.92,19.54,0.3,1.59,2
ELP,YX,29,4.00,-1.00,6.9,-5.80,1
ELP,UA,353,5.69,-2.38,0.6,-4.10,2
ELP,OO,2276,6.57,3.80,0.7,-3.23,3
ELP,DL,706,8.02,1.54,0.6,-1.77,4
ELP,WN,8901,8.52,2.96,0.5,-1.27,5
ELP,MQ,1634,10.13,7.33,0.8,0.33,6
ELP,AA,2756,15.36,13.13,1.7,5.57,7
ELP,F9,659,17.40,13.92,2.0,7.61,8
ELP,G4,90,19.58,16.77,2.2,9.78,9
ESC,OO,594,12.30,8.91,0.8,0.00,1
EUG,OO,2516,7.46,3.24,1.4,-3.86,1
EUG,WN,1714,8.36,0.77,1.8,-2.96,2
EUG,AS,298,12.26,13.78,2.3,0.95,3
EUG,UA,1463,13.15,8.22,1.8,1.83,4
EUG,AA,765,19.19,14.74,1.7,7.87,5
EUG,G4,341,25.70,23.03,3.5,14.39,6
EUG,MQ,24,52.71,39.17,0.0,41.39,7
EVV,9E,676,3.61,-3.02,1.0,-8.84,1
EVV,MQ,693,7.19,4.76,0.9,-5.26,2
EVV,OH,20,11.45,7.70,0.0,-1.00,3
EVV,OO,412,19.41,17.16,0.7,6.96,4
EVV,DL,22,43.76,34.90,4.5,31.31,5
EVV,G4,191,45.49,38.72,4.2,33.04,6
EWN,OH,50,70.02,60.43,8.0,0.00,1
EWR,OO,1,-4.00,9.00,0.0,-19.69,1
EWR,YX,21400,5.28,-0.56,3.4,-10.41,2
EWR,G4,572,12.22,5.63,1.0,-3.48,3
EWR,AS,2896,15.91,11.87,3.3,0.22,4
EWR,UA,64314,16.46,11.25,2.5,0.77,5
EWR,B6,4982,18.85,14.72,2.2,3.16,6
EWR,NK,9670,19.57,11.51,3.5,3.88,7
EWR,MQ,740,20.64,15.23,4.1,4.95,8
EWR,DL,6347,21.61,16.59,1.2,5.92,9
EWR,9E,1584,23.37,20.61,4.0,7.67,10
EWR,AA,6259,25.27,17.80,2.7,9.57,11
EWR,F9,355,33.38,29.03,1.7,17.69,12
EYW,YX,1058,11.67,9.00,2.4,-8.62,1
EYW,UA,730,12.17,12.66,2.3,-8.12,2
EYW,MQ,2049,12.33,10.19,2.9,-7.96,3
EYW,DL,1313,13.71,10.16,2.2,-6.58,4
EYW,9E,159,22.29,21.96,1.9,2.00,5
EYW,G4,621,24.50,23.76,4.3,4.22,6
EYW,B6,174,31.87,24.79,2.9,11.58,7
EYW,AA,1720,40.78,38.46,3.0,20.49,8
FAI,AS,2507,3.04,0.47,1.2,-4.31,1
FAI,UA,215,16.82,3.68,1.9,9.47,2
FAI,DL,557,23.14,17.51,1.3,15.78,3
FAR,DL,686,4.16,-2.63,0.6,-10.01,1
FAR,9E,217,5.76,-1.28,0.5,-8.40,2
FAR,F9,300,10.16,9.68,1.3,-4.01,3
FAR,MQ,1609,12.75,7.76,1.0,-1.42,4
FAR,G4,592,13.93,8.12,0.5,-0.24,5
FAR,OO,2722,18.49,15.79,1.3,4.33,6
FAR,UA,132,18.77,15.63,1.5,4.60,7
FAT,MQ,20,-1.90,-5.85,0.0,-13.26,1
FAT,AS,375,4.65,3.54,2.4,-6.71,2
FAT,OO,6567,8.65,4.72,0.5,-2.71,3
FAT,WN,1491,11.13,5.52,0.1,-0.23,4
FAT,G4,626,11.63,12.96,0.3,0.27,5
FAT,AA,2036,19.36,14.93,1.4,8.00,6
FAT,UA,363,19.41,11.93,2.5,8.05,7
FAT,DL,204,19.84,11.51,2.0,8.49,8
FAY,DL,322,4.33,-4.12,0.9,-8.10,1
FAY,OH,612,9.08,9.62,1.5,-3.35,2
FAY,9E,348,15.22,8.49,0.0,2.80,3
FAY,OO,191,31.61,27.44,1.0,19.19,4
FCA,OO,1415,6.95,2.39,0.8,-5.22,1
FCA,DL,775,8.69,4.74,0.8,-3.47,2
FCA,UA,893,13.98,9.69,1.0,1.81,3
FCA,AA,372,24.39,21.35,0.5,12.23,4
FCA,G4,236,24.68,22.73,1.3,12.51,5
FCA,MQ,37,37.78,31.27,0.0,25.62,6
FLG,OO,1838,10.86,8.59,0.4,0.00,1
FLL,UA,7941,12.97,7.92,2.5,-4.57,1
FLL,9E,22,14.86,13.86,0.0,-2.68,2
FLL,WN,14183,15.90,11.23,1.3,-1.64,3
FLL,DL,11925,16.53,11.37,1.1,-1.02,4
FLL,B6,18306,17.42,13.09,1.3,-0.12,5
FLL,G4,3264,18.17,15.98,1.9,0.63,6
FLL,AS,947,18.40,15.39,7.9,0.86,7
FLL,NK,25452,19.02,14.61,1.7,1.48,8
FLL,AA,6395,21.08,17.78,1.9,3.54,9
FLL,F9,1595,24.62,23.02,4.1,7.07,10
FNT,G4,1238,10.09,6.13,1.2,-5.88,1
FNT,OO,796,25.14,24.56,1.6,9.18,2
FOD,OO,597,22.37,20.10,2.3,0.00,1
FSD,UA,702,2.94,2.57,1.0,-9.27,1
FSD,YX,54,3.96,1.13,0.0,-8.25,2
FSD,9E,351,7.44,5.99,0.9,-4.77,3
FSD,OO,2420,8.99,4.62,0.9,-3.22,4
FSD,F9,246,11.83,12.52,1.6,-0.38,5
FSD,MQ,729,12.42,6.94,3.6,0.21,6
FSD,G4,885,17.43,12.96,1.1,5.22,7
FSD,DL,663,19.89,14.43,1.4,7.68,8
FSD,AA,635,22.78,15.91,1.4,10.58,9
FSM,MQ,978,12.58,8.42,2.2,-0.18,1
FSM,OO,170,13.82,8.08,3.5,1.05,2
FWA,MQ,833,10.68,5.98,0.5,-8.17,1
FWA,OH,155,11.35,5.72,0.0,-7.50,2
FWA,9E,190,15.31,5.46,4.2,-3.54,3
FWA,OO,2533,20.52,16.07,1.1,1.68,4
FWA,G4,779,24.64,21.03,2.8,5.79,5
GCC,OO,685,11.87,7.25,1.3,0.00,1
GCK,OO,210,13.63,11.40,4.8,-1.46,1
GCK,MQ,513,15.67,14.73,1.8,0.58,2
GEG,OO,5781,3.41,1.59,0.4,-3.11,1
GEG,AS,2278,3.55,1.52,1.7,-2.97,2
GEG,UA,837,3.67,-3.11,2.3,-2.84,3
GEG,WN,3674,6.63,0.38,0.1,0.11,4
GEG,DL,2894,8.85,3.51,1.0,2.33,5
GEG,G4,232,13.89,10.99,0.9,7.37,6
GEG,AA,1353,20.01,15.02,0.9,13.49,7
GFK,OO,980,7.03,3.10,0.6,-1.90,1
GFK,G4,156,13.40,10.38,0.6,4.47,2
GFK,9E,75,24.44,17.89,0.0,15.51,3
GGG,OO,495,12.74,9.22,2.0,-1.60,1
GGG,MQ,230,17.80,14.80,2.2,3.45,2
GJT,UA,631,8.05,-1.94,0.8,-2.96,1
GJT,MQ,492,10.00,9.71,0.6,-1.01,2
GJT,OO,2530,11.04,8.69,0.9,0.03,3
GJT,G4,123,29.72,31.37,1.6,18.71,4
GNV,DL,1528,6.20,-0.83,1.3,-2.18,1
GNV,MQ,575,7.72,3.99,2.1,-0.66,2
GNV,9E,122,7.74,1.41,0.8,-0.64,3
GNV,OH,726,13.73,10.46,4.1,5.36,4
GPT,9E,54,6.13,-0.46,0.0,-4.40,1
GPT,DL,1159,8.43,2.65,1.3,-2.10,2
GPT,OH,1218,8.96,8.26,0.8,-1.57,3
GPT,OO,337,10.57,8.49,1.5,0.04,4
GPT,MQ,518,17.94,14.74,2.7,7.42,5
GPT,G4,26,40.46,41.08,0.0,29.93,6
GRB,9E,66,2.50,-7.68,0.0,-11.21,1
GRB,YX,178,3.68,1.27,1.1,-10.03,2
GRB,MQ,368,9.77,7.19,1.9,-3.94,3
GRB,OO,2986,14.09,10.04,1.5,0.38,4
GRB,DL,353,17.55,11.94,0.6,3.84,5
GRB,F9,91,30.23,30.34,3.3,16.52,6
GRI,G4,210,20.93,16.38,1.9,-1.52,1
GRI,OO,697,22.91,21.53,1.7,0.46,2
GRK,MQ,1301,12.64,9.79,1.4,-0.14,1
GRK,OO,494,13.16,11.30,3.8,0.38,2
GRR,YX,1875,3.34,-0.33,2.2,-8.05,1
GRR,9E,893,5.20,-0.71,4.3,-6.19,2
GRR,DL,2701,6.34,-0.83,1.0,-5.05,3
GRR,UA,1305,7.28,6.12,1.1,-4.11,4
GRR,WN,1946,9.28,5.71,0.5,-2.11,5
GRR,G4,1930,11.31,7.68,1.5,-0.08,6
GRR,MQ,709,14.14,14.09,1.8,2.75,7
GRR,OO,2057,15.53,12.34,1.9,4.14,8
GRR,OH,705,16.07,16.25,2.8,4.68,9
GRR,AA,2439,18.13,14.72,1.3,6.74,10
GRR,F9,636,33.36,30.82,4.1,21.97,11
GSO,DL,2348,5.14,-2.87,0.7,-4.11,1
GSO,9E,1493,5.71,-1.49,2.9,-3.53,2
GSO,OO,966,6.53,5.80,0.6,-2.71,3
GSO,YX,1550,6.55,3.44,3.2,-2.69,4
GSO,OH,2458,8.43,8.31,1.2,-0.82,5
GSO,MQ,1296,8.93,6.59,0.6,-0.31,6
GSO,AA,1265,25.97,23.48,2.8,16.73,7
GSO,G4,138,32.85,33.57,2.9,23.61,8
GSP,DL,2571,4.36,-3.75,0.9,-5.16,1
GSP,YX,2011,5.60,1.67,2.7,-3.91,2
GSP,WN,1481,7.42,0.73,0.5,-2.10,3
GSP,OO,951,7.43,4.02,1.4,-2.09,4
GSP,9E,1345,7.91,0.90,2.2,-1.60,5
GSP,UA,440,8.66,5.42,1.6,-0.86,6
GSP,OH,3799,9.31,7.90,1.0,-0.20,7
GSP,MQ,1650,10.34,8.72,0.9,0.83,8
GSP,AA,1290,26.45,20.63,2.6,16.94,9
GSP,G4,320,30.32,26.89,3.1,20.80,10
GST,AS,87,3.48,0.89,6.9,0.00,1
GTF,OO,1935,4.21,-0.24,0.5,-3.19,1
GTF,UA,242,8.97,-0.87,2.5,1.57,2
GTF,G4,165,42.63,42.55,0.6,35.23,3
GTR,9E,713,2.65,-3.08,1.1,0.00,1
GUC,OO,611,10.31,5.35,1.3,-4.29,1
GUC,AA,123,35.98,36.57,1.6,21.38,2
GUM,UA,664,1.58,-6.73,0.9,0.00,1
HDN,WN,597,9.73,4.78,1.0,-6.72,1
HDN,MQ,22,9.77,10.55,0.0,-6.68,2
HDN,OO,790,13.83,9.31,1.3,-2.62,3
HDN,DL,121,15.44,12.36,0.0,-1.01,4
HDN,UA,511,15.72,12.11,1.6,-0.74,5
HDN,AA,181,32.19,33.78,0.6,15.74,6
HDN,B6,52,91.49,92.86,1.9,75.04,7
HGR,G4,286,36.94,35.04,3.1,0.00,1
HHH,MQ,1090,10.28,8.58,1.9,-3.14,1
HHH,YX,743,18.06,13.85,2.8,4.65,2
HIB,OO,552,11.57,7.45,1.3,0.00,1
HLN,OO,1486,12.45,9.40,0.6,0.00,1
HNL,WN,14179,2.54,-2.77,0.4,-3.59,1
HNL,AA,1899,5.33,-2.63,0.1,-0.80,2
HNL,HA,31352,5.45,4.80,1.1,-0.68,3
HNL,DL,3219,10.92,2.59,0.8,4.79,4
HNL,UA,4488,12.81,3.24,1.3,6.68,5
HNL,AS,4099,13.28,7.24,2.8,7.15,6
HOB,OO,432,25.00,18.36,1.4,0.00,1
HOU,MQ,1762,11.81,8.42,4.1,-1.65,1
HOU,WN,51742,13.22,5.35,1.1,-0.23,2
HOU,OO,366,13.80,13.91,1.1,0.34,3
HOU,DL,1573,14.42,9.49,1.0,0.96,4
HOU,F9,334,25.03,20.84,5.1,11.57,5
HOU,G4,340,31.66,30.27,1.8,18.20,6
HOU,OH,152,37.82,33.31,7.2,24.36,7
HPN,YX,57,8.07,2.18,0.0,-7.11,1
HPN,MQ,1128,10.42,5.98,2.0,-4.77,2
HPN,9E,899,11.94,3.49,1.6,-3.24,3
HPN,B6,4732,12.01,8.42,1.6,-3.17,4
HPN,DL,898,15.79,5.74,1.0,0.60,5
HPN,OH,2704,17.59,15.37,2.5,2.41,6
HPN,OO,1013,31.75,25.05,2.2,16.57,7
HRL,OO,242,3.18,1.20,1.7,-4.76,1
HRL,DL,189,4.58,-4.39,0.5,-3.36,2
HRL,MQ,1580,7.07,5.10,1.5,-0.86,3
HRL,WN,2262,9.32,5.86,0.6,1.38,4
HSV,YX,226,1.94,0.89,1.8,-11.03,1
HSV,DL,1903,4.36,-3.39,1.1,-8.61,2
HSV,9E,586,7.53,2.84,1.5,-5.44,3
HSV,OO,1673,15.67,12.27,1.0,2.70,4
HSV,MQ,1830,16.33,12.46,1.6,3.36,5
HSV,OH,2504,17.51,15.86,2.1,4.54,6
HSV,AA,13,23.15,15.38,0.0,10.18,7
HTS,G4,425,42.96,42.05,3.3,0.00,1
HYA,YX,165,12.65,18.71,1.2,-14.05,1
HYA,B6,104,50.30,55.02,6.7,23.60,2
HYS,OO,639,12.09,5.98,2.0,0.00,1
IAD,MQ,25,4.38,9.96,4.0,-6.49,1
IAD,YX,7980,4.55,-0.44,1.4,-6.32,2
IAD,9E,353,5.45,-1.93,0.3,-5.42,3
IAD,UA,30560,10.80,5.75,1.5,-0.07,4
IAD,AS,1993,11.58,7.92,1.6,0.71,5
IAD,WN,1100,11.74,3.97,0.3,0.87,6
IAD,DL,2996,13.34,3.89,0.8,2.47,7
IAD,OH,1551,14.75,8.41,1.2,3.88,8
IAD,AA,670,18.25,11.27,1.8,7.39,9
IAD,F9,95,19.88,17.92,0.0,9.02,10
IAD,OO,2619,20.21,15.67,1.5,9.34,11
IAD,G4,329,36.79,29.91,1.8,25.92,12
IAG,G4,355,26.61,22.65,2.3,0.00,1
IAH,AS,846,9.86,6.69,2.5,-8.23,1
IAH,WN,2860,13.49,8.19,1.6,-4.60,2
IAH,OH,34,14.00,14.94,0.0,-4.09,3
IAH,DL,7722,14.46,7.46,1.2,-3.64,4
IAH,MQ,1387,14.97,9.20,3.5,-3.12,5
IAH,NK,9571,16.90,10.88,2.2,-1.19,6
IAH,UA,67722,17.62,12.64,1.9,-0.47,7
IAH,OO,12790,18.89,14.60,2.7,0.80,8
IAH,AA,6863,23.53,19.60,2.9,5.44,9
IAH,B6,710,27.84,23.03,2.3,9.75,10
IAH,F9,3336,30.42,29.99,3.2,12.33,11
IAH,YX,50,45.92,41.98,0.0,27.83,12
ICT,WN,1741,2.49,-4.15,0.2,-8.25,1
ICT,UA,584,2.49,6.36,0.9,-8.25,2
ICT,9E,165,5.67,2.56,0.0,-5.07,3
ICT,DL,864,7.92,1.37,1.2,-2.82,4
ICT,MQ,2344,10.15,6.76,1.7,-0.60,5
ICT,G4,342,13.97,7.82,0.9,3.22,6
ICT,OO,3172,14.17,10.12,1.1,3.43,7
ICT,OH,315,16.92,18.06,0.6,6.18,8
ICT,AA,559,29.08,26.92,2.9,18.34,9
IDA,DL,96,7.39,9.92,0.0,-4.61,1
IDA,OO,2714,8.89,3.58,0.6,-3.11,2
IDA,G4,478,30.56,29.32,0.4,18.56,3
ILM,YX,1351,6.12,4.95,2.2,-4.00,1
ILM,9E,1298,7.38,1.93,2.2,-2.74,2
ILM,MQ,1068,7.83,4.80,0.8,-2.29,3
ILM,OO,36,8.28,3.58,0.0,-1.84,4
ILM,OH,1947,10.18,9.13,1.6,0.06,5
ILM,DL,777,11.28,4.33,1.4,1.16,6
ILM,AA,1452,17.34,12.37,2.2,7.22,7
IMT,OO,692,15.92,11.74,1.3,0.00,1
IND,YX,12514,2.13,-2.06,1.2,-7.40,1
IND,9E,2289,7.68,0.85,2.4,-1.85,2
IND,DL,4401,8.67,2.27,0.7,-0.86,3
IND,MQ,1056,8.68,4.04,1.9,-0.85,4
IND,UA,2292,9.50,5.41,1.9,-0.03,5
IND,OH,292,9.69,6.69,1.0,0.15,6
IND,AS,517,10.79,8.07,2.1,1.25,7
IND,WN,11162,11.41,4.82,0.9,1.87,8
IND,OO,1133,14.33,9.20,1.5,4.80,9
IND,AA,6527,15.49,12.04,1.2,5.95,10
IND,NK,2239,16.14,9.68,2.7,6.60,11
IND,G4,1430,16.66,14.92,2.2,7.12,12
IND,F9,775,24.01,21.24,2.6,14.48,13
INL,OO,570,17.69,13.48,1.4,0.00,1
ISP,WN,2763,13.28,4.35,1.0,-3.91,1
ISP,B6,142,16.29,13.83,0.0,-0.90,2
ISP,F9,1495,24.75,17.18,4.2,7.56,3
ITH,YX,70,8.66,-1.72,4.3,-2.75,1
ITH,9E,596,11.73,3.77,3.5,0.32,2
ITO,WN,1829,-2.45,-5.26,0.4,-4.58,1
ITO,HA,4928,3.84,3.98,1.1,1.71,2
JAC,AS,74,5.48,9.69,6.8,-16.42,1
JAC,OO,1039,9.37,5.43,1.7,-12.53,2
JAC,UA,1921,18.20,13.74,2.0,-3.70,3
JAC,DL,1181,19.81,12.42,0.9,-2.09,4
JAC,AA,992,45.72,43.35,1.2,23.82,5
JAN,DL,1992,4.04,-2.23,0.6,-7.40,1
JAN,9E,248,5.64,3.44,0.4,-5.81,2
JAN,WN,1748,11.25,5.93,0.8,-0.20,3
JAN,OO,439,12.17,9.68,0.9,0.72,4
JAN,MQ,1075,17.30,13.96,2.1,5.85,5
JAN,OH,1303,19.30,17.10,2.5,7.85,6
JAX,OO,160,6.96,3.73,2.5,-5.61,1
JAX,YX,1622,7.26,2.47,1.8,-5.31,2
JAX,9E,885,8.10,0.81,2.8,-4.47,3
JAX,WN,4727,8.63,2.97,1.0,-3.93,4
JAX,MQ,1170,9.85,7.68,1.4,-2.72,5
JAX,UA,3743,10.30,6.34,1.4,-2.26,6
JAX,DL,5734,11.41,6.17,1.2,-1.16,7
JAX,OH,1034,13.18,10.09,1.5,0.62,8
JAX,F9,877,16.20,14.25,3.0,3.63,9
JAX,G4,708,16.40,13.58,1.4,3.84,10
JAX,AA,7297,16.75,14.67,1.9,4.18,11
JAX,B6,1798,20.11,16.10,2.1,7.54,12
JFK,YX,15877,5.37,0.59,2.3,-9.39,1
JFK,9E,15918,9.37,4.06,3.7,-5.39,2
JFK,AS,3263,10.11,6.53,3.5,-4.65,3
JFK,HA,348,11.94,11.06,1.1,-2.82,4
JFK,AA,12157,14.08,7.96,1.3,-0.68,5
JFK,DL,26610,15.30,8.02,1.1,0.54,6
JFK,F9,770,18.65,15.01,1.2,3.89,7
JFK,B6,33090,21.26,15.40,2.0,6.50,8
JFK,OO,2739,23.84,17.79,3.1,9.08,9
JLN,OO,577,20.67,15.70,2.1,0.00,1
JMS,OO,598,16.77,13.73,5.9,0.00,1
JNU,AS,4479,2.03,1.45,1.9,-0.30,1
JNU,DL,141,11.74,5.40,0.0,9.40,2
JST,OO,652,23.23,18.48,2.6,0.00,1
KOA,WN,3312,-0.98,-5.55,0.5,-5.68,1
KOA,HA,7755,3.28,2.92,0.8,-1.43,2
KOA,DL,619,9.00,2.09,2.4,4.30,3
KOA,AS,1897,10.26,5.13,3.3,5.55,4
KOA,UA,1369,12.10,4.21,1.9,7.40,5
KOA,AA,626,15.86,10.60,0.0,11.15,6
KTN,AS,2239,2.50,0.21,2.0,-1.07,1
KTN,OO,94,29.11,32.22,2.1,25.54,2
LAN,9E,144,6.99,0.79,2.1,-9.92,1
LAN,OO,845,17.80,14.76,0.7,0.89,2
LAN,OH,283,19.28,19.78,3.2,2.37,3
LAR,OO,612,10.75,9.10,3.8,0.00,1
LAS,G4,7228,8.98,4.92,0.6,-4.31,1
LAS,DL,15456,9.28,2.50,0.8,-4.01,2
LAS,UA,13649,10.20,5.05,1.8,-3.09,3
LAS,NK,25761,10.73,5.38,1.2,-2.57,4
LAS,AS,5358,10.91,9.60,2.2,-2.38,5
LAS,WN,84925,13.95,6.20,0.5,0.65,6
LAS,OO,2230,15.12,17.58,1.5,1.83,7
LAS,F9,12791,15.34,12.31,1.4,2.05,8
LAS,AA,13377,19.94,13.77,1.1,6.65,9
LAS,HA,1377,20.41,19.19,0.3,7.12,10
LAS,B6,2588,24.11,17.75,0.9,10.81,11
LAS,MQ,26,66.96,60.15,0.0,53.67,12
LAW,MQ,149,5.66,-1.26,2.7,-6.50,1
LAW,OO,930,13.21,10.97,3.5,1.05,2
LAX,AS,9001,5.65,2.65,1.9,-5.17,1
LAX,OO,38098,6.25,4.34,0.4,-4.56,2
LAX,UA,25954,9.16,2.46,1.8,-1.66,3
LAX,DL,34922,10.23,4.81,0.7,-0.58,4
LAX,NK,10987,10.79,4.20,1.2,-0.03,5
LAX,B6,8217,11.25,6.01,0.4,0.44,6
LAX,G4,1012,11.57,8.30,0.8,0.76,7
LAX,WN,25593,11.69,4.80,0.4,0.87,8
LAX,MQ,55,13.04,10.36,0.0,2.22,9
LAX,HA,2266,14.27,11.79,1.3,3.45,10
LAX,AA,28758,18.07,12.18,0.7,7.26,11
LAX,F9,2296,28.57,28.68,1.9,17.75,12
LBB,WN,2593,6.81,-0.17,0.8,-3.30,1
LBB,OO,1156,9.86,8.27,2.1,-0.25,2
LBB,MQ,1942,11.34,9.25,1.9,1.23,3
LBB,AA,422,25.74,24.57,2.6,15.63,4
LBE,NK,519,6.77,-0.68,2.7,0.00,1
LBF,OO,595,8.58,9.54,2.0,0.00,1
LBL,OO,559,10.72,7.27,3.6,0.00,1
LCH,OO,1001,20.14,16.97,2.3,-1.22,1
LCH,MQ,76,37.92,38.33,5.3,16.55,2
LCK,G4,901,18.86,16.75,2.7,0.00,1
LEX,YX,752,2.58,0.61,0.8,-10.03,1
LEX,9E,207,5.34,-0.45,0.0,-7.26,2
LEX,DL,1688,7.48,-3.08,1.2,-5.13,3
LEX,MQ,954,9.95,4.96,1.6,-2.66,4
LEX,OO,1787,10.85,6.28,1.0,-1.76,5
LEX,OH,1433,11.69,8.32,1.0,-0.92,6
LEX,G4,794,26.06,25.45,2.4,13.45,7
LEX,AA,1037,26.48,25.76,2.6,13.87,8
LFT,9E,780,6.66,1.74,1.3,-8.63,1
LFT,MQ,415,13.94,9.82,1.2,-1.35,2
LFT,OO,919,15.58,9.88,1.5,0.29,3
LFT,OH,1082,21.88,20.18,3.5,6.59,4
LFT,NK,1,73.00,59.00,0.0,57.71,5
LGA,YX,38159,4.18,-1.22,2.5,-8.46,1
LGA,9E,27991,9.68,2.00,4.0,-2.96,2
LGA,UA,7436,11.55,6.83,2.3,-1.10,3
LGA,NK,7057,16.27,8.95,2.8,3.62,4
LGA,WN,10784,16.45,5.67,1.9,3.80,5
LGA,DL,24550,16.47,8.88,1.6,3.82,6
LGA,AA,15188,18.33,12.85,2.5,5.69,7
LGA,B6,8758,21.19,14.98,2.4,8.54,8
LGA,OO,3776,24.02,19.55,3.1,11.37,9
LGA,F9,2367,32.82,26.94,3.8,20.18,10
LGB,HA,604,2.04,-1.37,0.7,-5.47,1
LGB,OO,639,4.69,-0.95,0.0,-2.82,2
LGB,WN,15813,7.64,0.83,0.5,0.12,3
LGB,DL,430,14.84,7.26,0.7,7.33,4
LIH,WN,3256,-0.09,-6.03,0.1,-4.03,1
LIH,HA,8743,3.19,2.26,1.3,-0.75,2
LIH,DL,613,3.34,-4.63,1.8,-0.60,3
LIH,UA,1047,5.91,-0.96,0.6,1.97,4
LIH,AS,1021,14.90,9.70,1.1,10.96,5
LIH,AA,623,14.92,9.11,0.0,10.97,6
LIT,DL,1986,4.47,-2.57,0.7,-7.72,1
LIT,YX,453,5.21,2.09,1.3,-6.98,2
LIT,WN,2555,7.77,0.66,0.3,-4.42,3
LIT,F9,104,9.72,9.39,1.9,-2.47,4
LIT,OO,1900,12.37,10.02,1.5,0.18,5
LIT,9E,281,12.56,8.84,1.4,0.37,6
LIT,MQ,3603,14.56,13.09,1.1,2.37,7
LIT,OH,745,22.83,17.98,2.0,10.64,8
LIT,AA,759,26.21,25.23,1.8,14.02,9
LIT,G4,118,36.02,32.28,0.8,23.83,10
LNK,YX,37,9.75,4.39,2.7,-5.03,1
LNK,OO,1713,14.88,10.34,0.7,0.11,2
LRD,OO,65,8.92,8.67,0.0,-4.90,1
LRD,MQ,1596,13.09,11.55,1.6,-0.73,2
LRD,G4,128,25.40,22.62,1.6,11.58,3
LSE,MQ,328,10.49,7.80,1.8,0.00,1
LWS,OO,1077,10.26,6.65,0.6,0.00,1
MAF,UA,49,-1.27,-0.12,2.0,-11.17,1
MAF,WN,3671,8.43,3.41,1.0,-1.47,2
MAF,OO,3147,10.25,6.66,1.1,0.36,3
MAF,MQ,2558,11.81,9.59,2.0,1.91,4
MBS,9E,96,-1.47,-4.93,0.0,-15.92,1
MBS,OO,2072,15.20,11.71,1.5,0.75,2
MCI,AS,759,0.11,-1.05,1.1,-9.68,1
MCI,UA,3664,4.95,2.21,1.4,-4.84,2
MCI,DL,6805,5.38,-0.46,0.8,-4.41,3
MCI,YX,1658,5.44,3.37,1.9,-4.35,4
MCI,MQ,1205,7.02,3.13,1.3,-2.77,5
MCI,WN,23926,9.70,3.75,0.9,-0.10,6
MCI,OO,1065,11.84,10.46,1.9,2.05,7
MCI,F9,375,12.61,13.26,1.1,2.82,8
MCI,9E,1183,13.63,8.68,4.4,3.83,9
MCI,G4,211,16.11,14.39,2.4,6.32,10
MCI,AA,5714,16.30,14.92,1.4,6.50,11
MCI,NK,1720,16.39,9.10,2.4,6.60,12
MCI,OH,471,26.21,23.24,2.8,16.42,13
MCI,B6,160,30.05,30.22,0.6,20.26,14
MCO,UA,13336,14.39,9.18,2.9,-1.99,1
MCO,F9,17357,14.50,10.81,2.3,-1.88,2
MCO,WN,44611,15.18,9.62,1.5,-1.20,3
MCO,NK,22638,15.18,10.30,1.8,-1.20,4
MCO,DL,21162,16.41,11.53,1.5,0.03,5
MCO,AS,2548,17.07,15.25,4.0,0.69,6
MCO,AA,17768,19.27,15.70,1.9,2.89,7
MCO,B6,16906,21.26,15.82,1.7,4.88,8
MCO,G4,223,32.14,31.26,2.7,15.76,9
MCW,OO,604,26.18,23.67,3.8,0.00,1
MDT,YX,244,-0.81,-8.58,1.2,-15.33,1
MDT,UA,396,7.36,4.87,1.0,-7.16,2
MDT,DL,747,8.12,-1.91,0.8,-6.40,3
MDT,9E,259,10.83,1.75,1.2,-3.69,4
MDT,OH,647,12.38,8.44,0.8,-2.14,5
MDT,OO,906,14.23,8.52,1.1,-0.30,6
MDT,AA,1027,20.36,17.05,1.2,5.84,7
MDT,G4,780,23.53,19.75,2.2,9.01,8
MDT,F9,78,27.97,21.68,2.6,13.45,9
MDW,DL,1500,9.97,2.22,0.8,-3.22,1
MDW,WN,71029,12.67,6.20,1.1,-0.53,2
MDW,OO,1937,14.62,11.01,0.7,1.43,3
MDW,G4,416,23.41,21.63,1.9,10.21,4
MDW,F9,3504,23.51,19.59,2.7,10.31,5
MEI,OO,580,15.10,15.36,3.3,0.00,1
MEM,DL,4346,5.91,-1.19,1.2,-4.91,1
MEM,YX,2900,6.58,1.28,1.6,-4.23,2
MEM,9E,1043,7.18,0.98,2.7,-3.64,3
MEM,UA,1495,7.55,4.04,1.6,-3.27,4
MEM,MQ,1560,8.14,3.48,1.0,-2.68,5
MEM,WN,3536,12.45,6.18,0.7,1.63,6
MEM,OH,744,13.07,8.41,0.9,2.26,7
MEM,OO,755,14.87,10.62,2.1,4.05,8
MEM,F9,170,15.50,14.30,0.6,4.68,9
MEM,NK,847,15.91,6.90,1.8,5.10,10
MEM,AA,4230,16.71,13.65,1.7,5.89,11
MEM,G4,478,23.28,18.43,1.3,12.46,12
MFE,UA,561,3.53,-1.78,3.6,-12.00,1
MFE,MQ,777,9.51,8.81,1.7,-6.02,2
MFE,G4,459,15.07,9.58,0.7,-0.45,3
MFE,OO,1031,17.40,15.56,0.9,1.88,4
MFE,AA,1815,20.81,19.09,2.3,5.28,5
MFR,OO,2817,7.81,3.42,1.0,-3.33,1
MFR,UA,1164,14.13,7.56,1.0,3.00,2
MFR,G4,321,29.66,27.14,1.9,18.52,3
MGM,MQ,544,8.63,4.44,0.6,-6.58,1
MGM,9E,918,10.34,5.06,0.7,-4.87,2
MGM,OO,616,21.64,16.45,1.3,6.43,3
MGM,OH,477,24.19,22.96,4.6,8.98,4
MGW,OO,35,77.34,74.94,0.0,0.00,1
MHK,OO,2,3.00,-13.50,0.0,-6.15,1
MHK,MQ,875,9.16,0.73,1.8,0.01,2
MHT,YX,57,1.82,4.48,1.8,-9.18,1
MHT,MQ,282,3.14,2.42,0.7,-7.87,2
MHT,WN,2655,7.61,-0.29,0.5,-3.40,3
MHT,OH,2148,14.75,10.93,1.9,3.74,4
MHT,AA,120,24.82,19.03,0.0,13.82,5
MHT,NK,111,31.31,22.20,4.5,20.31,6
MIA,MQ,13860,7.64,5.31,1.5,-12.52,1
MIA,YX,569,12.98,7.88,2.1,-7.17,2
MIA,NK,5435,13.36,9.03,1.9,-6.80,3
MIA,WN,5694,16.00,12.57,1.4,-4.16,4
MIA,AS,490,16.20,16.29,5.9,-3.95,5
MIA,UA,6141,18.67,15.05,2.9,-1.49,6
MIA,F9,3633,20.21,18.24,2.6,0.05,7
MIA,DL,11038,20.58,15.23,1.2,0.42,8
MIA,AA,58406,24.11,18.63,1.7,3.95,9
MIA,B6,1821,27.75,24.94,2.3,7.60,10
MIA,9E,15,29.53,35.53,0.0,9.38,11
MKE,MQ,56,0.75,-2.36,1.8,-10.49,1
MKE,AS,444,2.37,-1.38,0.9,-8.87,2
MKE,DL,4179,7.61,1.76,1.0,-3.63,3
MKE,YX,1704,7.84,3.22,2.9,-3.40,4
MKE,WN,9440,8.22,1.84,1.0,-3.02,5
MKE,NK,712,9.72,3.58,2.4,-1.52,6
MKE,UA,639,12.02,6.41,1.3,0.78,7
MKE,OO,5018,14.39,10.28,1.7,3.15,8
MKE,OH,980,14.51,14.96,1.8,3.27,9
MKE,9E,862,15.38,10.03,2.6,4.14,10
MKE,B6,491,16.26,12.72,1.2,5.02,11
MKE,F9,474,17.14,11.89,1.7,5.90,12
MKE,AA,2651,21.44,17.87,1.7,10.21,13
MLB,DL,1362,4.03,-1.66,1.0,-1.85,1
MLB,OH,1152,7.43,5.78,2.0,1.55,2
MLB,G4,239,9.10,4.13,2.5,3.22,3
MLI,9E,714,8.73,3.21,2.1,-5.36,1
MLI,OH,701,10.38,8.85,2.0,-3.72,2
MLI,MQ,715,13.37,7.31,2.4,-0.73,3
MLI,OO,1555,17.22,14.59,2.2,3.12,4
MLI,G4,423,19.05,14.36,1.2,4.95,5
MLU,9E,849,11.25,8.11,0.8,-0.83,1
MLU,OO,211,12.02,12.08,0.9,-0.06,2
MLU,MQ,935,12.86,9.18,1.8,0.78,3
MOB,DL,564,4.30,-1.64,1.4,-4.95,1
MOB,9E,767,4.44,-0.08,0.9,-4.81,2
MOB,MQ,1039,9.81,7.48,1.9,0.56,3
MOB,OO,190,24.76,19.71,0.0,15.50,4
MOB,OH,25,135.13,130.09,8.0,125.88,5
MOT,OO,1921,15.50,12.09,1.6,-0.50,1
MOT,G4,321,18.97,14.92,1.2,2.97,2
MQT,9E,88,1.91,-5.39,3.4,-11.13,1
MQT,OO,228,9.79,6.15,1.8,-3.25,2
MQT,MQ,462,16.68,13.61,0.4,3.64,3
MRY,MQ,477,4.87,2.00,0.4,-5.74,1
MRY,OO,3405,8.09,6.42,0.9,-2.52,2
MRY,AA,630,21.96,19.36,1.4,11.35,3
MRY,G4,106,50.32,51.11,0.9,39.72,4
MSN,YX,1158,2.36,-1.71,1.0,-9.20,1
MSN,DL,1845,6.14,-1.09,1.1,-5.42,2
MSN,9E,734,6.79,0.65,2.3,-4.77,3
MSN,UA,1486,7.02,5.33,1.3,-4.54,4
MSN,MQ,667,12.17,12.62,1.9,0.61,5
MSN,OH,1072,12.40,11.51,1.0,0.84,6
MSN,OO,2200,13.73,10.87,1.5,2.17,7
MSN,F9,279,18.55,17.05,2.2,6.99,8
MSN,AA,1994,23.05,19.96,1.3,11.49,9
MSO,OO,1126,7.36,4.62,0.8,-5.19,1
MSO,DL,719,8.54,4.50,1.1,-4.01,2
MSO,MQ,339,12.06,10.69,0.9,-0.49,3
MSO,UA,1007,13.43,7.01,1.9,0.88,4
MSO,F9,110,15.15,18.52,2.7,2.60,5
MSO,AS,244,15.63,6.49,0.0,3.08,6
MSO,AA,228,17.49,12.12,0.4,4.94,7
MSO,G4,305,31.95,31.19,2.0,19.40,8
MSP,9E,7372,7.23,4.12,0.8,-3.41,1
MSP,AS,964,8.93,5.46,1.6,-1.70,2
MSP,YX,1127,8.95,6.53,1.9,-1.68,3
MSP,DL,66684,9.42,3.60,0.9,-1.22,4
MSP,UA,5147,9.43,5.90,1.4,-1.20,5
MSP,WN,7111,9.55,2.64,0.7,-1.08,6
MSP,MQ,881,10.70,9.72,0.8,0.06,7
MSP,OO,24496,13.09,8.59,0.8,2.45,8
MSP,NK,1154,14.45,12.05,1.1,3.82,9
MSP,AA,4346,16.37,12.76,1.5,5.73,10
MSP,G4,229,21.39,13.22,0.4,10.75,11
MSP,F9,1561,21.45,20.10,2.1,10.81,12
MSP,OH,656,21.76,21.52,2.4,11.12,13
MSP,B6,314,36.61,32.68,1.6,25.97,14
MSY,9E,1,-5.00,-13.00,0.0,-19.39,1
MSY,MQ,1065,9.34,6.85,1.7,-5.05,2
MSY,UA,6368,10.52,5.60,2.2,-3.87,3
MSY,YX,572,10.61,6.82,0.7,-3.79,4
MSY,AS,663,11.40,8.10,0.8,-3.00,5
MSY,DL,6973,12.10,5.59,1.0,-2.30,6
MSY,OO,317,12.25,7.67,3.5,-2.14,7
MSY,WN,18726,13.42,8.59,1.0,-0.97,8
MSY,NK,5120,14.28,8.36,2.1,-0.11,9
MSY,OH,622,16.82,10.65,2.4,2.43,10
MSY,AA,6730,21.12,18.63,1.6,6.73,11
MSY,F9,821,22.31,20.02,4.3,7.91,12
MSY,B6,1264,26.30,20.67,1.9,11.90,13
MSY,G4,89,32.81,29.35,1.1,18.41,14
MTJ,DL,103,5.43,-0.68,0.0,-8.25,1
MTJ,WN,618,10.93,4.47,0.2,-2.75,2
MTJ,UA,753,10.96,3.75,1.5,-2.72,3
MTJ,OO,673,13.33,8.75,1.8,-0.35,4
MTJ,MQ,62,16.08,16.73,3.2,2.40,5
MTJ,AA,503,22.93,20.95,0.2,9.25,6
MVY,YX,535,15.58,15.24,4.3,-3.71,1
MVY,MQ,21,23.10,28.67,0.0,3.80,2
MVY,B6,501,23.15,22.61,5.8,3.86,3
MYR,OO,32,-0.91,-7.75,0.0,-11.54,1
MYR,DL,1987,2.95,-3.15,1.1,-7.69,2
MYR,9E,514,8.06,0.36,2.5,-2.57,3
MYR,WN,2353,8.07,1.75,0.6,-2.56,4
MYR,YX,568,9.91,3.95,4.0,-0.72,5
MYR,MQ,366,10.31,7.89,1.1,-0.32,6
MYR,NK,4648,10.69,6.07,2.6,0.06,7
MYR,UA,263,11.46,3.01,1.5,0.83,8
MYR,OH,2146,12.11,9.20,1.9,1.47,9
MYR,AA,1142,14.81,12.17,2.0,4.18,10
MYR,G4,1099,20.17,19.10,3.1,9.53,11
MYR,F9,403,23.55,21.90,6.5,12.92,12
OAJ,DL,301,3.52,-1.89,1.3,-7.35,1
OAJ,9E,536,8.33,1.32,0.0,-2.53,2
OAJ,OH,938,14.70,12.09,1.8,3.84,3
OAK,HA,971,-0.89,-1.56,2.1,-9.55,1
OAK,OO,1342,2.17,-1.52,0.3,-6.50,2
OAK,G4,156,2.67,2.90,1.3,-6.00,3
OAK,AS,704,4.83,-1.55,2.4,-3.84,4
OAK,DL,541,6.12,-2.42,1.5,-2.54,5
OAK,NK,2852,9.17,5.10,1.9,0.50,6
OAK,WN,34447,9.29,2.41,0.5,0.62,7
OGG,WN,6486,0.22,-4.99,0.5,-3.98,1
OGG,HA,13451,4.24,3.02,0.9,0.04,2
OGG,UA,1575,6.32,-2.53,1.2,2.11,3
OGG,AA,1090,7.73,1.66,0.5,3.52,4
OGG,AS,1983,10.53,5.42,3.8,6.33,5
OGG,DL,864,11.24,3.20,1.4,7.04,6
OKC,DL,1678,2.91,-4.86,0.9,-6.19,1
OKC,AS,341,4.97,6.04,2.3,-4.14,2
OKC,YX,920,6.78,3.22,1.6,-2.32,3
OKC,MQ,2119,7.80,4.39,1.9,-1.31,4
OKC,WN,7261,7.90,2.53,0.6,-1.20,5
OKC,F9,421,8.75,4.41,1.7,-0.36,6
OKC,OO,6568,8.84,5.63,0.7,-0.26,7
OKC,UA,30,16.13,17.83,0.0,7.03,8
OKC,G4,144,16.25,15.13,0.7,7.15,9
OKC,AA,2689,16.90,15.31,1.9,7.80,10
OKC,OH,296,26.72,24.59,2.0,17.62,11
OKC,9E,4,36.75,39.00,0.0,27.64,12
OMA,YX,1002,4.44,2.05,1.5,-7.14,1
OMA,AS,453,6.08,4.22,1.5,-5.50,2
OMA,MQ,529,6.75,4.50,1.3,-4.83,3
OMA,DL,1847,8.10,-0.26,1.0,-3.48,4
OMA,9E,485,10.19,6.04,3.1,-1.40,5
OMA,UA,2843,10.53,8.71,1.6,-1.05,6
OMA,WN,7777,11.02,4.37,1.0,-0.56,7
OMA,OO,4192,11.23,8.02,0.9,-0.35,8
OMA,G4,528,15.74,12.33,2.3,4.16,9
OMA,AA,3018,17.99,14.83,1.4,6.41,10
OMA,OH,90,21.26,20.62,1.1,9.68,11
OMA,F9,413,25.49,26.53,1.9,13.91,12
OME,AS,365,-0.93,3.37,3.6,0.00,1
ONT,MQ,66,-4.27,-8.71,0.0,-13.36,1
ONT,AS,1377,4.14,1.34,2.5,-4.94,2
ONT,DL,1755,5.05,-4.46,1.0,-4.03,3
ONT,OO,2651,5.70,3.51,0.4,-3.38,4
ONT,UA,1417,6.74,-1.04,0.8,-2.34,5
ONT,WN,11076,7.63,0.21,0.4,-1.45,6
ONT,HA,354,8.45,8.22,0.6,-0.63,7
ONT,AA,3337,15.14,9.77,1.2,6.06,8
ONT,F9,3428,15.27,13.41,2.1,6.19,9
ONT,B6,274,17.34,9.22,2.2,8.25,10
ORD,YX,16571,4.95,-0.65,1.0,-10.75,1
ORD,WN,6523,10.91,4.59,1.7,-4.79,2
ORD,MQ,33422,11.14,8.05,1.2,-4.56,3
ORD,9E,79,11.64,10.86,1.3,-4.06,4
ORD,UA,87050,14.12,8.54,1.4,-1.58,5
ORD,AS,2969,14.58,11.26,1.5,-1.12,6
ORD,DL,10416,16.52,10.49,1.2,0.82,7
ORD,OO,52773,17.41,13.38,1.8,1.71,8
ORD,AA,50542,21.65,17.90,1.1,5.95,9
ORD,NK,8075,22.98,16.08,1.9,7.28,10
ORD,B6,1161,25.36,21.69,1.9,9.66,11
ORD,F9,2567,29.50,31.44,3.1,13.80,12
ORF,YX,2698,5.59,3.13,2.5,-7.15,1
ORF,UA,2282,8.80,4.05,2.1,-3.94,2
ORF,MQ,407,9.33,5.59,0.7,-3.41,3
ORF,OH,2997,10.39,7.70,1.1,-2.34,4
ORF,WN,3149,11.08,4.32,0.3,-1.66,5
ORF,9E,2152,12.61,7.43,2.8,-0.13,6
ORF,DL,2409,13.42,6.96,1.0,0.69,7
ORF,AA,2788,19.52,14.21,2.1,6.78,8
ORF,NK,911,23.98,16.10,3.2,11.24,9
ORF,OO,346,24.94,21.15,0.6,12.21,10
ORF,G4,222,25.53,24.92,3.6,12.79,11
ORF,F9,248,31.43,33.47,4.8,18.69,12
ORH,YX,334,0.37,-4.03,5.4,-19.29,1
ORH,9E,274,18.50,14.49,5.5,-1.17,2
ORH,B6,638,29.92,22.99,2.2,10.26,3
OTH,OO,342,35.74,30.37,1.2,0.00,1
OTZ,AS,364,-2.15,-1.05,6.0,0.00,1
PAE,AS,1023,2.87,0.45,3.1,0.00,1
PBG,G4,429,35.69,32.87,4.7,0.00,1
PBI,YX,16,-4.81,-6.88,0.0,-22.31,1
PBI,NK,453,7.99,2.13,1.8,-9.52,2
PBI,WN,2566,10.62,5.61,0.8,-6.88,3
PBI,DL,6952,14.49,9.07,1.4,-3.01,4
PBI,G4,364,17.22,16.02,1.6,-0.28,5
PBI,B6,8227,17.69,12.98,1.6,0.19,6
PBI,UA,3291,19.20,13.70,3.5,1.69,7
PBI,AA,5970,22.06,19.48,1.8,4.56,8
PBI,F9,820,29.13,25.11,3.3,11.63,9
PDX,MQ,46,-4.26,-10.26,0.0,-12.47,1
PDX,AS,16762,5.05,4.15,2.1,-3.17,2
PDX,OO,10595,5.15,4.00,0.6,-3.06,3
PDX,DL,6942,6.42,-1.45,0.9,-1.79,4
PDX,WN,9553,9.18,2.97,0.5,0.97,5
PDX,G4,307,9.37,5.54,0.0,1.16,6
PDX,UA,6393,10.59,4.69,1.5,2.38,7
PDX,HA,706,13.85,11.19,0.7,5.64,8
PDX,NK,1684,14.90,8.69,2.1,6.69,9
PDX,F9,1748,17.50,17.08,2.3,9.29,10
PDX,AA,3668,17.57,11.12,1.5,9.35,11
PDX,B6,205,47.03,42.41,1.0,38.82,12
PGD,G4,6100,12.67,10.03,1.9,0.00,1
PHL,YX,8450,3.54,-0.48,1.9,-12.52,1
PHL,B6,1030,6.98,2.13,1.7,-9.08,2
PHL,9E,142,7.34,-0.52,0.0,-8.72,3
PHL,UA,3691,9.30,3.99,1.3,-6.76,4
PHL,AS,584,12.10,12.58,1.5,-3.96,5
PHL,DL,5648,12.24,3.79,1.0,-3.82,6
PHL,OH,11932,13.48,10.01,1.5,-2.58,7
PHL,WN,4888,14.42,6.86,0.7,-1.64,8
PHL,NK,4524,17.16,9.18,2.1,1.10,9
PHL,AA,43433,18.99,13.53,1.8,2.93,10
PHL,F9,11134,22.47,18.97,2.9,6.41,11
PHL,OO,193,24.69,16.57,1.0,8.63,12
PHX,MQ,8263,4.87,0.50,0.3,-6.29,1
PHX,AS,4951,4.96,4.39,2.0,-6.20,2
PHX,OO,25256,5.09,2.08,0.2,-6.07,3
PHX,HA,355,8.51,6.97,0.3,-2.65,4
PHX,UA,9945,9.24,2.92,1.7,-1.92,5
PHX,DL,10120,9.28,2.04,0.7,-1.88,6
PHX,WN,66144,12.14,5.31,0.5,0.98,7
PHX,F9,9389,13.33,10.59,1.2,2.17,8
PHX,AA,53910,14.09,9.40,0.6,2.93,9
PHX,G4,409,17.20,14.84,1.0,6.04,10
PHX,NK,1122,19.12,16.43,2.1,7.96,11
PHX,B6,884,35.02,29.55,1.2,23.86,12
PIA,G4,981,10.82,8.46,2.0,-4.84,1
PIA,OH,911,14.23,13.48,1.5,-1.43,2
PIA,OO,1075,18.79,14.59,2.0,3.13,3
PIA,MQ,572,20.32,15.17,1.4,4.66,4
PIB,OO,593,14.66,11.08,3.0,0.00,1
PIE,G4,8042,10.81,8.58,2.7,0.00,1
PIH,OO,685,-2.85,-8.60,0.0,0.00,1
PIT,YX,9277,0.47,-4.37,1.3,-9.04,1
PIT,AS,411,5.71,1.69,2.9,-3.80,2
PIT,DL,3309,6.00,-1.03,0.9,-3.51,3
PIT,OO,873,7.09,1.49,0.3,-2.42,4
PIT,MQ,664,8.75,4.98,1.2,-0.75,5
PIT,B6,1152,9.17,7.10,1.8,-0.34,6
PIT,WN,10052,10.12,4.23,1.0,0.61,7
PIT,UA,2900,10.50,6.36,1.0,0.99,8
PIT,G4,1350,11.24,8.76,2.2,1.74,9
PIT,OH,661,13.82,9.83,2.9,4.31,10
PIT,AA,6154,15.13,12.89,1.3,5.62,11
PIT,9E,1689,15.71,10.18,2.9,6.20,12
PIT,F9,532,17.67,23.50,4.1,8.17,13
PIT,NK,3342,20.67,14.09,3.0,11.17,14
PLN,OO,771,15.53,10.26,2.1,0.00,1
PNS,DL,2522,2.89,-2.52,0.8,-11.23,1
PNS,UA,667,6.91,1.23,1.6,-7.21,2
PNS,WN,2246,7.08,0.68,0.4,-7.04,3
PNS,MQ,1518,9.19,6.78,1.4,-4.92,4
PNS,NK,928,16.36,8.28,2.7,2.24,5
PNS,F9,393,17.06,14.76,2.3,2.95,6
PNS,OH,2596,19.06,17.22,1.0,4.95,7
PNS,9E,255,24.08,19.00,1.2,9.97,8
PNS,YX,84,25.65,22.52,2.4,11.53,9
PNS,OO,174,29.71,27.40,0.0,15.59,10
PNS,AA,1784,33.59,32.80,2.5,19.48,11
PPG,HA,125,19.99,15.55,0.0,0.00,1
PQI,B6,111,7.45,3.66,0.9,0.00,1
PRC,OO,710,24.60,22.20,0.6,0.00,1
PSC,OO,4039,5.77,1.06,0.3,-0.84,1
PSC,AS,371,7.60,9.82,2.2,0.99,2
PSC,G4,304,7.74,4.68,0.7,1.12,3
PSC,DL,392,13.48,4.60,0.5,6.87,4
PSE,B6,575,10.29,5.51,2.6,-0.31,1
PSE,F9,290,11.23,8.98,2.1,0.62,2
PSG,AS,714,-0.17,-1.69,1.5,0.00,1
PSM,G4,303,24.53,21.06,2.6,0.00,1
PSP,AS,1464,3.95,2.34,3.8,-5.13,1
PSP,MQ,118,7.34,4.08,2.5,-1.75,2
PSP,WN,2598,7.82,1.98,0.3,-1.26,3
PSP,F9,20,8.00,10.75,0.0,-1.09,4
PSP,DL,617,8.03,0.24,0.3,-1.06,5
PSP,OO,5347,8.41,7.53,0.8,-0.68,6
PSP,G4,101,10.01,6.33,0.0,0.92,7
PSP,UA,1418,11.13,5.48,0.5,2.04,8
PSP,AA,1765,14.89,11.20,1.2,5.81,9
PSP,B6,65,38.64,32.92,1.5,29.55,10
PVD,YX,938,3.05,-2.18,0.9,-9.31,1
PVD,UA,130,9.56,8.17,1.5,-2.79,2
PVD,WN,4803,10.29,1.99,1.2,-2.06,3
PVD,MQ,438,10.84,12.96,0.5,-1.51,4
PVD,OO,551,11.81,9.96,0.5,-0.55,5
PVD,B6,1412,12.56,8.45,1.0,0.21,6
PVD,9E,709,13.22,6.02,2.4,0.87,7
PVD,OH,1605,13.58,11.41,2.2,1.22,8
PVD,DL,1295,14.99,6.39,1.1,2.63,9
PVD,AA,2177,17.19,12.48,0.9,4.83,10
PVD,G4,197,28.42,22.09,0.5,16.07,11
PVU,G4,1781,12.09,9.44,0.5,-1.69,1
PVU,OO,302,23.86,22.53,1.3,10.07,2
PWM,MQ,295,6.56,5.47,0.7,-6.54,1
PWM,YX,3374,6.62,0.89,2.4,-6.48,2
PWM,UA,808,7.32,4.86,2.0,-5.78,3
PWM,DL,717,12.68,5.79,1.3,-0.42,4
PWM,WN,1519,14.00,6.89,0.9,0.89,5
PWM,OO,418,17.80,11.03,0.7,4.70,6
PWM,B6,350,18.02,13.81,4.9,4.92,7
PWM,OH,706,18.59,15.01,1.7,5.48,8
PWM,AA,1716,19.00,14.89,2.2,5.89,9
PWM,F9,341,19.80,15.60,6.7,6.69,10
PWM,9E,846,22.24,16.84,4.5,9.13,11
RAP,UA,1003,6.51,3.58,1.8,-5.83,1
RAP,MQ,1153,10.14,6.73,0.8,-2.20,2
RAP,G4,403,12.82,10.50,1.2,0.48,3
RAP,DL,95,13.70,14.20,3.2,1.35,4
RAP,OO,2035,14.43,8.11,1.2,2.08,5
RAP,9E,192,16.66,11.64,0.0,4.32,6
RAP,AA,129,35.38,38.05,1.6,23.04,7
RDD,OO,1455,9.18,5.40,0.5,0.00,1
RDM,AS,462,5.01,9.37,2.6,-10.43,1
RDM,MQ,390,10.40,2.60,0.5,-5.04,2
RDM,OO,3780,11.89,10.72,2.1,-3.55,3
RDM,UA,1074,24.87,18.72,1.6,9.43,4
RDM,AA,131,91.64,88.36,1.5,76.20,5
RDU,YX,5547,5.28,3.53,1.5,-8.10,1
RDU,MQ,1217,7.33,3.97,1.1,-6.06,2
RDU,WN,8943,10.51,3.61,0.6,-2.87,3
RDU,UA,5338,11.24,6.23,1.4,-2.14,4
RDU,DL,10867,11.53,3.86,0.9,-1.85,5
RDU,9E,6287,13.77,9.13,3.0,0.39,6
RDU,OO,1002,15.44,15.46,0.3,2.05,7
RDU,AS,490,15.56,12.43,1.2,2.18,8
RDU,OH,845,16.10,13.48,1.4,2.72,9
RDU,B6,3115,17.53,13.00,1.6,4.14,10
RDU,F9,4530,18.29,16.76,3.2,4.90,11
RDU,AA,11119,19.01,14.85,1.7,5.63,12
RDU,NK,423,25.18,18.01,1.4,11.79,13
RFD,G4,755,24.69,20.47,1.9,0.00,1
RHI,OO,630,14.45,8.61,1.1,0.00,1
RIC,UA,873,2.42,-1.01,1.1,-10.68,1
RIC,YX,2343,5.49,4.15,1.9,-7.60,2
RIC,MQ,212,7.49,3.11,0.5,-5.60,3
RIC,DL,2637,8.19,1.67,0.6,-4.90,4
RIC,OH,470,9.01,6.20,1.3,-4.08,5
RIC,WN,1942,10.16,3.34,0.1,-2.93,6
RIC,9E,1962,12.92,8.68,3.3,-0.17,7
RIC,B6,1659,15.72,8.55,1.3,2.63,8
RIC,OO,680,17.34,11.44,0.0,4.24,9
RIC,AA,3622,20.69,16.00,1.6,7.60,10
RIC,NK,1082,21.43,13.42,1.8,8.34,11
RIC,G4,287,32.62,25.16,1.7,19.53,12
RIW,OO,616,12.55,9.16,1.8,0.00,1
RKS,OO,586,18.55,13.83,1.2,0.00,1
RNO,AS,599,4.51,5.44,1.0,-5.91,1
RNO,OO,4233,8.52,6.95,0.7,-1.90,2
RNO,WN,8648,8.53,2.98,0.5,-1.89,3
RNO,NK,1139,8.99,5.57,1.8,-1.43,4
RNO,DL,989,11.95,4.25,1.0,1.53,5
RNO,UA,2163,12.18,7.72,1.2,1.76,6
RNO,MQ,278,13.21,10.78,0.4,2.79,7
RNO,AA,2318,18.97,14.34,1.3,8.55,8
RNO,B6,242,25.78,23.91,2.5,15.36,9
RNO,G4,3,67.33,73.00,0.0,56.91,10
ROA,DL,421,11.56,2.48,1.0,-4.50,1
ROA,9E,926,12.35,4.99,1.9,-3.71,2
ROA,OH,249,15.12,17.02,1.2,-0.94,3
ROA,OO,743,19.12,17.79,2.2,3.06,4
ROA,YX,310,20.58,20.55,5.5,4.52,5
ROA,G4,236,24.55,21.80,3.8,8.49,6
ROC,YX,957,2.91,-2.44,2.0,-9.37,1
ROC,MQ,807,6.02,2.47,0.7,-6.27,2
ROC,OO,509,8.83,3.56,0.4,-3.46,3
ROC,UA,974,9.93,6.64,1.4,-2.36,4
ROC,9E,2582,10.66,2.90,3.5,-1.63,5
ROC,OH,712,11.72,9.96,1.3,-0.57,6
ROC,WN,1883,13.30,6.64,0.5,1.02,7
ROC,NK,473,15.14,5.88,1.7,2.85,8
ROC,DL,1014,15.90,5.65,1.0,3.61,9
ROC,B6,746,20.04,15.87,3.1,7.75,10
ROC,AA,864,21.47,18.61,1.6,9.18,11
ROC,G4,66,43.57,34.65,1.5,31.28,12
ROW,MQ,163,13.94,7.32,0.6,-9.03,1
ROW,OO,794,24.87,22.00,3.1,1.90,2
RST,YX,14,-6.86,-7.36,0.0,-19.07,1
RST,MQ,327,8.09,5.23,0.0,-4.13,2
RST,9E,236,13.80,10.28,2.1,1.58,3
RST,OO,791,13.82,8.43,1.0,1.60,4
RSW,9E,19,7.58,5.32,0.0,-6.31,1
RSW,UA,5331,8.29,3.86,3.3,-5.60,2
RSW,AS,159,8.45,6.35,4.4,-5.43,3
RSW,DL,7021,11.27,7.37,1.6,-2.62,4
RSW,WN,7390,11.72,7.76,1.9,-2.17,5
RSW,NK,2354,13.58,10.66,2.4,-0.31,6
RSW,YX,90,16.47,12.19,0.0,2.58,7
RSW,AA,5370,17.96,15.09,2.3,4.07,8
RSW,F9,2339,20.07,16.04,3.5,6.18,9
RSW,B6,3703,21.61,18.46,2.7,7.73,10
RSW,MQ,84,21.87,25.59,1.2,7.98,11
RSW,OH,31,23.00,19.21,6.5,9.11,12
SAF,OO,2672,13.97,10.09,1.6,-0.34,1
SAF,MQ,102,23.13,21.83,2.0,8.83,2
SAN,AS,9939,8.93,9.10,2.8,-4.09,1
SAN,UA,9768,9.69,5.87,2.1,-3.33,2
SAN,OO,12330,10.32,11.68,0.9,-2.70,3
SAN,DL,9096,11.22,6.11,0.7,-1.80,4
SAN,NK,2865,12.91,9.91,2.0,-0.11,5
SAN,WN,33974,13.86,9.11,0.9,0.83,6
SAN,HA,701,16.36,16.45,0.7,3.34,7
SAN,G4,174,17.66,20.35,1.1,4.64,8
SAN,AA,8805,18.42,14.19,1.2,5.39,9
SAN,B6,1639,21.13,18.13,0.3,8.11,10
SAN,F9,3320,22.15,23.58,2.2,9.13,11
SAT,UA,5474,8.16,3.01,1.8,-3.58,1
SAT,WN,16408,9.07,3.44,0.6,-2.67,2
SAT,AS,614,9.67,6.99,0.7,-2.06,3
SAT,OO,994,10.56,8.72,0.8,-1.18,4
SAT,DL,6005,11.49,5.06,0.8,-0.24,5
SAT,MQ,259,12.79,8.41,1.2,1.05,6
SAT,AA,7954,16.18,14.30,1.8,4.44,7
SAT,YX,9,16.22,6.00,0.0,4.49,8
SAT,NK,2028,17.87,10.20,2.3,6.14,9
SAT,F9,648,22.57,15.17,2.8,10.84,10
SAT,B6,554,32.44,26.08,2.2,20.71,11
SAT,G4,22,74.50,74.91,0.0,62.76,12
SAV,OO,379,4.84,2.22,2.1,-7.27,1
SAV,F9,159,6.30,7.96,2.5,-5.81,2
SAV,YX,1112,7.31,2.02,0.8,-4.79,3
SAV,DL,3287,8.75,2.43,0.8,-3.35,4
SAV,MQ,966,9.28,5.44,0.8,-2.82,5
SAV,OH,3414,10.08,5.16,1.3,-2.03,6
SAV,WN,2825,10.59,5.61,0.6,-1.51,7
SAV,UA,1259,11.03,5.80,1.6,-1.08,8
SAV,9E,1819,14.62,6.96,3.8,2.52,9
SAV,G4,818,15.15,13.09,1.2,3.04,10
SAV,B6,890,16.91,13.26,1.1,4.81,11
SAV,AA,1881,25.12,19.16,2.5,13.01,12
SBA,AS,310,0.67,-0.17,1.0,-11.05,1
SBA,MQ,293,3.81,-0.82,1.0,-7.92,2
SBA,WN,1932,7.58,1.07,1.4,-4.14,3
SBA,OO,1763,10.34,7.55,1.5,-1.39,4
SBA,DL,611,14.78,7.82,0.5,3.06,5
SBA,UA,1480,15.24,10.77,2.3,3.51,6
SBA,AA,1024,20.70,17.17,1.4,8.98,7
SBN,AA,1,-10.00,7.00,0.0,-26.45,1
SBN,9E,9,-2.56,-13.22,0.0,-19.00,2
SBN,UA,24,7.71,1.42,0.0,-8.74,3
SBN,OH,1141,13.30,10.15,0.9,-3.15,4
SBN,G4,705,15.27,11.45,2.0,-1.18,5
SBN,YX,64,16.81,13.56,1.6,0.36,6
SBN,OO,4311,17.57,12.50,1.8,1.12,7
SBP,MQ,165,0.48,-2.88,0.0,-10.77,1
SBP,AS,62,7.23,7.19,0.0,-4.03,2
SBP,OO,3822,8.16,6.61,1.2,-3.09,3
SBP,UA,346,8.87,2.52,0.9,-2.39,4
SBP,AA,787,29.77,25.17,0.4,18.51,5
SCC,AS,523,-5.44,-5.75,3.4,0.00,1
SCE,OH,13,-2.55,-0.27,15.4,-15.27,1
SCE,YX,6,-1.67,10.50,0.0,-14.39,2
SCE,OO,531,13.21,9.39,1.5,0.49,3
SCK,G4,512,24.87,25.00,0.4,0.00,1
SDF,YX,6089,1.52,-1.70,1.0,-7.73,1
SDF,DL,2390,5.10,-1.68,0.9,-4.16,2
SDF,WN,5031,7.48,1.53,0.8,-1.77,3
SDF,MQ,1552,10.99,8.35,1.2,1.74,4
SDF,UA,819,11.47,6.31,1.0,2.22,5
SDF,9E,169,12.87,10.94,2.4,3.62,6
SDF,OO,1835,12.87,8.48,0.7,3.62,7
SDF,OH,1614,16.27,14.03,1.2,7.02,8
SDF,NK,840,19.17,12.95,1.5,9.92,9
SDF,AA,2538,19.63,17.75,2.0,10.38,10
SDF,G4,674,22.04,18.62,1.9,12.79,11
SEA,OO,26324,6.83,4.33,0.4,-2.98,1
SEA,DL,30341,8.72,2.82,0.6,-1.09,2
SEA,AS,76734,9.52,6.90,1.6,-0.29,3
SEA,UA,8746,11.10,5.96,1.8,1.29,4
SEA,MQ,481,14.29,5.37,0.0,4.48,5
SEA,WN,8056,14.68,7.46,0.2,4.87,6
SEA,NK,925,17.29,10.31,1.1,7.48,7
SEA,AA,5207,17.84,10.87,1.7,8.03,8
SEA,HA,741,20.68,18.29,2.6,10.87,9
SEA,F9,1419,20.74,16.19,2.0,10.93,10
SEA,B6,716,22.79,16.26,0.7,12.98,11
SFB,G4,9220,13.21,10.99,1.7,0.00,1
SFO,HA,742,5.88,4.80,2.4,-9.14,1
SFO,AS,11079,11.21,8.46,2.7,-3.80,2
SFO,UA,48909,12.61,4.41,1.5,-2.41,3
SFO,OO,31352,13.23,8.69,1.4,-1.79,4
SFO,DL,12236,15.59,6.67,0.7,0.57,5
SFO,B6,3783,17.11,11.45,0.5,2.09,6
SFO,MQ,50,17.54,8.24,0.0,2.52,7
SFO,WN,7429,21.55,15.08,0.5,6.53,8
SFO,AA,10082,22.55,16.48,1.0,7.54,9
SFO,F9,4533,33.14,30.64,2.1,18.12,10
SGF,9E,623,7.00,1.44,0.5,-9.73,1
SGF,DL,395,13.67,5.03,0.5,-3.06,2
SGF,MQ,3894,14.69,11.72,1.5,-2.04,3
SGF,G4,812,15.72,12.33,1.4,-1.01,4
SGF,OO,2418,20.33,15.23,1.0,3.60,5
SGF,OH,971,24.26,22.61,0.8,7.53,6
SGU,OO,2892,6.38,1.62,0.3,0.00,1
SHR,OO,677,4.07,4.72,2.1,0.00,1
SHV,9E,1160,5.16,-1.30,1.6,-7.52,1
SHV,MQ,832,12.16,7.11,1.8,-0.52,2
SHV,OO,613,13.98,8.65,1.0,1.30,3
SHV,G4,146,16.39,12.48,2.1,3.72,4
SHV,OH,1708,17.30,14.88,2.7,4.62,5
SIT,AS,1301,-0.72,-0.85,1.5,-3.16,1
SIT,OO,91,48.99,44.38,4.4,46.55,2
SJC,HA,652,-0.06,-4.76,0.9,-6.66,1
SJC,OO,8496,2.59,0.41,0.2,-4.02,2
SJC,MQ,359,2.73,-2.85,0.6,-3.88,3
SJC,AS,2755,2.77,-0.24,2.4,-3.84,4
SJC,UA,2027,4.81,-2.70,1.3,-1.79,5
SJC,DL,2117,5.42,-2.95,0.8,-1.18,6
SJC,WN,28517,7.53,1.51,0.5,0.92,7
SJC,F9,626,8.08,9.32,0.5,1.47,8
SJC,NK,2612,11.24,8.80,1.3,4.64,9
SJC,AA,1429,14.98,9.01,1.0,8.38,10
SJC,B6,155,41.18,29.54,1.9,34.57,11
SJT,MQ,725,11.43,9.48,1.9,-0.39,1
SJT,OO,359,12.62,11.90,2.2,0.80,2
SJU,DL,3475,8.57,5.64,0.4,-10.13,1
SJU,WN,3990,10.11,8.06,0.7,-8.59,2
SJU,UA,2970,13.47,11.25,1.6,-5.23,3
SJU,NK,4494,16.97,12.65,2.2,-1.73,4
SJU,MQ,16,18.50,19.07,0.0,-0.20,5
SJU,AA,3909,21.27,21.40,0.4,2.57,6
SJU,F9,5706,22.65,22.22,2.2,3.95,7
SJU,B6,9656,24.98,17.26,1.1,6.28,8
SLC,OO,30957,4.48,0.42,0.3,-5.06,1
SLC,AS,1213,6.55,4.08,1.9,-2.98,2
SLC,HA,216,7.28,2.24,0.0,-2.25,3
SLC,MQ,119,8.42,-4.53,0.0,-1.11,4
SLC,DL,53032,10.11,4.91,0.6,0.58,5
SLC,WN,11852,11.85,5.27,0.4,2.31,6
SLC,UA,3948,12.62,7.41,1.7,3.09,7
SLC,NK,1223,14.25,8.73,1.1,4.72,8
SLC,F9,3094,18.45,16.65,2.2,8.92,9
SLC,AA,3643,20.20,14.96,1.6,10.67,10
SLC,B6,1433,23.33,17.94,0.8,13.80,11
SLN,OO,697,11.99,9.13,2.3,0.00,1
SMF,MQ,235,2.47,-2.86,0.0,-6.60,1
SMF,OO,8526,5.02,1.82,0.4,-4.04,2
SMF,AS,1130,5.97,3.98,1.6,-3.10,3
SMF,DL,3152,6.62,-0.84,0.8,-2.45,4
SMF,UA,3881,7.15,1.10,1.5,-1.92,5
SMF,HA,929,7.97,6.04,0.9,-1.10,6
SMF,F9,816,8.08,8.52,1.5,-0.99,7
SMF,WN,30286,9.29,3.27,0.5,0.22,8
SMF,NK,1782,12.31,9.38,1.6,3.24,9
SMF,AA,3425,17.45,11.37,1.6,8.39,10
SMF,B6,364,52.09,45.96,1.4,43.02,11
SMX,G4,106,40.51,39.30,0.0,0.00,1
SNA,AS,4030,2.36,1.03,1.2,-8.60,1
SNA,NK,1221,6.63,4.37,1.8,-4.32,2
SNA,WN,14442,8.36,0.48,0.7,-2.60,3
SNA,UA,5722,8.41,2.48,0.7,-2.55,4
SNA,DL,4539,12.53,5.31,0.6,1.57,5
SNA,OO,4005,13.73,14.94,1.2,2.77,6
SNA,F9,1089,13.83,11.35,2.4,2.87,7
SNA,AA,6117,19.25,12.76,1.3,8.30,8
SNA,G4,1066,30.02,26.52,1.5,19.07,9
SPI,G4,106,24.40,21.57,1.9,0.00,1
SPN,UA,361,-0.92,-4.13,0.6,0.00,1
SPS,MQ,109,8.38,0.36,0.9,-3.63,1
SPS,OO,602,12.67,8.97,2.0,0.66,2
SRQ,G4,2452,7.44,4.97,4.0,-5.79,1
SRQ,WN,4220,10.69,5.48,3.8,-2.54,2
SRQ,DL,2954,11.40,7.76,3.2,-1.83,3
SRQ,UA,1642,12.11,8.03,3.2,-1.13,4
SRQ,YX,211,12.93,15.18,3.8,-0.31,5
SRQ,OH,368,16.85,12.69,4.6,3.61,6
SRQ,B6,729,18.85,16.52,4.1,5.62,7
SRQ,AA,2602,19.60,17.46,3.3,6.37,8
SRQ,MQ,15,24.64,12.64,6.7,11.41,9
SRQ,F9,512,27.89,28.48,4.7,14.66,10
SRQ,OO,50,64.20,64.73,2.0,50.97,11
STC,G4,119,17.99,8.87,1.7,0.00,1
STL,AS,718,5.33,2.28,1.3,-6.50,1
STL,YX,1977,5.86,0.30,1.4,-5.98,2
STL,9E,1421,5.87,-1.29,3.7,-5.97,3
STL,DL,5405,6.31,0.19,0.7,-5.53,4
STL,MQ,1746,11.38,7.79,2.1,-0.46,5
STL,WN,40958,11.54,5.27,0.8,-0.30,6
STL,UA,2972,14.90,12.29,1.3,3.07,7
STL,AA,7027,15.94,13.92,1.6,4.10,8
STL,OO,558,18.11,12.71,1.4,6.27,9
STL,OH,433,18.20,16.02,1.8,6.37,10
STL,F9,1069,27.36,22.60,3.0,15.52,11
STL,NK,414,30.59,25.04,4.1,18.75,12
STS,MQ,235,7.56,3.73,0.0,-2.53,1
STS,OO,2950,8.04,9.56,0.5,-2.05,2
STS,AS,313,9.36,10.07,1.0,-0.72,3
STS,AA,182,47.92,46.89,0.5,37.83,4
STT,UA,740,6.53,5.06,0.8,-11.77,1
STT,F9,70,10.01,23.00,2.9,-8.28,2
STT,NK,976,15.18,10.35,1.5,-3.12,3
STT,DL,830,17.10,14.56,0.7,-1.20,4
STT,B6,662,17.10,13.98,2.0,-1.19,5
STT,AA,1889,25.76,25.27,1.0,7.46,6
STX,F9,19,-0.79,8.11,0.0,-17.96,1
STX,DL,115,8.77,4.74,0.9,-8.40,2
STX,B6,20,10.75,13.55,0.0,-6.42,3
STX,NK,270,15.97,16.52,3.0,-1.20,4
STX,AA,730,19.58,20.04,0.7,2.40,5
SUN,OO,1917,10.88,7.91,1.1,0.00,1
SUX,OO,696,20.41,18.19,2.0,0.00,1
SWF,G4,356,28.02,22.68,2.0,0.00,1
SWO,MQ,161,7.09,2.80,0.6,-3.12,1
SWO,OO,550,11.13,8.23,2.5,0.93,2
SYR,YX,1298,4.95,1.54,2.1,-6.30,1
SYR,9E,1852,5.55,-0.87,2.7,-5.70,2
SYR,UA,907,5.79,3.89,0.9,-5.46,3
SYR,MQ,809,6.42,3.23,0.7,-4.83,4
SYR,DL,1096,9.05,1.09,0.9,-2.19,5
SYR,OO,1084,12.58,8.35,1.2,1.33,6
SYR,B6,1299,12.77,8.98,2.3,1.52,7
SYR,WN,812,13.40,6.44,0.6,2.15,8
SYR,AA,1610,16.57,12.76,1.2,5.32,9
SYR,OH,458,18.29,17.92,1.1,7.04,10
SYR,F9,444,21.65,16.66,4.1,10.40,11
SYR,G4,621,24.82,17.90,1.8,13.57,12
TLH,DL,1386,1.93,-4.33,1.0,-7.41,1
TLH,B6,291,7.72,2.13,2.1,-1.62,2
TLH,9E,624,10.35,8.70,2.4,1.01,3
TLH,MQ,2795,10.42,8.93,1.6,1.09,4
TLH,OH,890,16.97,14.52,2.4,7.64,5
TLH,YX,42,18.50,19.57,4.8,9.16,6
TLH,OO,1,36.00,47.00,0.0,26.66,7
TOL,G4,350,19.35,14.97,1.1,0.00,1
TPA,YX,23,5.57,5.83,0.0,-9.02,1
TPA,NK,5773,8.77,5.74,3.0,-5.82,2
TPA,WN,23991,12.68,7.90,2.2,-1.91,3
TPA,UA,8350,12.92,8.85,3.1,-1.66,4
TPA,DL,12660,14.16,9.11,2.1,-0.42,5
TPA,MQ,1245,15.53,13.61,2.9,0.94,6
TPA,F9,6451,16.13,12.75,2.9,1.54,7
TPA,AA,12636,18.70,15.73,2.8,4.12,8
TPA,B6,5081,20.18,15.23,2.8,5.60,9
TPA,AS,1043,21.31,19.56,4.7,6.73,10
TPA,9E,8,77.62,87.62,0.0,63.04,11
TRI,9E,1100,4.04,-3.47,0.7,-4.97,1
TRI,MQ,416,5.17,-2.09,0.7,-3.84,2
TRI,DL,150,14.99,4.49,0.0,5.98,3
TRI,OH,167,15.89,11.97,2.4,6.88,4
TRI,OO,144,17.37,9.90,0.7,8.36,5
TRI,G4,164,33.02,32.38,3.7,24.01,6
TTN,F9,1573,19.34,13.73,3.8,0.00,1
TUL,UA,493,1.98,5.06,1.0,-6.39,1
TUL,YX,682,4.13,1.84,1.9,-4.24,2
TUL,DL,1368,5.77,-2.16,0.9,-2.61,3
TUL,OO,3412,5.88,2.03,0.7,-2.50,4
TUL,9E,251,5.91,-0.02,0.0,-2.47,5
TUL,MQ,1667,6.00,2.93,1.3,-2.37,6
TUL,WN,5468,6.39,0.36,0.5,-1.99,7
TUL,OH,743,16.60,14.58,1.3,8.22,8
TUL,AA,2406,18.23,15.60,2.3,9.85,9
TUL,G4,380,19.21,13.95,0.5,10.83,10
TUS,MQ,774,1.85,-0.58,0.8,-6.94,1
TUS,OO,7888,7.23,5.35,0.4,-1.55,2
TUS,DL,1078,7.39,-0.48,0.7,-1.40,3
TUS,AS,520,7.70,8.66,0.4,-1.08,4
TUS,WN,4347,8.94,2.85,0.5,0.16,5
TUS,UA,1067,11.87,4.81,0.9,3.09,6
TUS,AA,3261,13.65,10.87,1.7,4.87,7
TVC,YX,388,7.79,9.17,1.0,-8.86,1
TVC,9E,239,9.45,6.37,0.8,-7.21,2
TVC,DL,415,10.24,3.68,1.9,-6.42,3
TVC,OH,151,11.28,7.25,0.0,-5.38,4
TVC,MQ,631,11.62,7.78,0.3,-5.03,5
TVC,UA,574,12.77,11.65,1.4,-3.88,6
TVC,OO,1147,20.94,19.41,1.6,4.28,7
TVC,G4,281,34.20,28.13,2.5,17.55,8
TVC,AA,91,63.40,62.25,0.0,46.74,9
TWF,OO,693,-1.07,-6.08,0.3,0.00,1
TXK,OO,296,15.63,13.77,5.4,-1.78,1
TXK,MQ,436,18.57,17.09,1.1,1.16,2
TYR,MQ,191,14.55,9.84,1.6,-2.40,1
TYR,OO,873,17.49,13.49,3.1,0.53,2
TYS,UA,326,2.70,-2.81,0.9,-7.57,1
TYS,DL,1360,3.30,-5.58,1.0,-6.98,2
TYS,9E,2806,3.65,-3.68,1.8,-6.63,3
TYS,YX,715,6.99,4.89,1.8,-3.29,4
TYS,MQ,1029,9.52,7.64,0.9,-0.75,5
TYS,OO,1435,10.80,7.05,1.6,0.53,6
TYS,OH,3543,11.13,9.47,1.5,0.86,7
TYS,G4,2659,14.34,10.83,2.0,4.07,8
TYS,AA,1401,21.80,15.93,2.5,11.52,9
TYS,F9,259,22.49,21.04,1.5,12.22,10
USA,G4,687,26.55,23.53,2.3,0.00,1
VCT,OO,627,17.53,11.71,2.6,0.00,1
VEL,OO,50,22.64,18.72,0.0,0.00,1
VLD,OO,60,6.38,4.95,0.0,-2.24,1
VLD,9E,717,8.81,4.10,2.4,0.19,2
VPS,YX,75,-5.13,-9.00,0.0,-18.41,1
VPS,WN,1925,8.13,2.29,0.4,-5.15,2
VPS,DL,2502,9.72,2.95,0.8,-3.55,3
VPS,OH,707,11.61,12.29,2.0,-1.66,4
VPS,G4,2216,12.42,8.30,1.6,-0.86,5
VPS,MQ,375,16.81,13.72,2.9,3.54,6
VPS,9E,21,20.30,23.50,4.8,7.03,7
VPS,AA,1864,25.06,23.43,1.4,11.78,8
WRG,AS,711,-0.71,-2.96,1.5,0.00,1
WYS,OO,308,12.65,8.88,1.3,0.00,1
XNA,DL,560,4.80,-3.85,0.5,-6.29,1
XNA,YX,784,5.28,1.09,1.8,-5.81,2
XNA,9E,1900,6.57,1.33,0.6,-4.51,3
XNA,F9,197,7.73,7.54,0.5,-3.35,4
XNA,OO,2298,8.29,4.93,0.8,-2.80,5
XNA,MQ,5295,10.90,8.38,0.8,-0.19,6
XNA,UA,215,11.70,9.65,0.5,0.61,7
XNA,AA,1282,21.34,20.86,1.1,10.25,8
XNA,G4,830,22.22,17.91,1.1,11.13,9
XNA,OH,203,22.56,20.37,3.0,11.47,10
XWA,OO,1810,20.80,16.77,1.7,0.00,1
YAK,AS,669,-0.61,-2.15,2.4,0.00,1
YUM,MQ,583,4.22,1.12,0.5,-4.79,1
YUM,OO,1124,11.49,9.06,0.3,2.48,2
